ite,time,q,z,solver,attacker,|Q|,|X|,|T|,rho,k,utility_time,scaled_eu
0,15,28.4826565209,"[8, 2, 5, 9, 6, 0, 7, 9, 0, 9]",APS,pd,30,10,10,0.9500000000000001,10000,53.2337052822,-8.0173434791
0,30,34.475731946,"[7, 3, 8, 1, 2, 2, 5, 0, 0, 6]",APS,pd,30,10,10,0.9500000000000001,10000,72.0456225872,-2.024268054
0,45,37.6295427951,"[7, 3, 2, 1, 9, 9, 5, 0, 0, 6]",APS,pd,30,10,10,0.9500000000000001,10000,89.0960109234,1.1295427950999999
0,60,37.6296807741,"[7, 3, 2, 1, 9, 9, 5, 0, 0, 6]",APS,pd,30,10,10,0.9500000000000001,10000,100.581069231,1.1296807741000001
0,75,37.6294859526,"[7, 3, 2, 1, 9, 9, 5, 0, 0, 6]",APS,pd,30,10,10,0.9500000000000001,10000,111.2589938641,1.1294859526
0,90,37.6289516783,"[7, 3, 2, 1, 9, 9, 5, 0, 0, 6]",APS,pd,30,10,10,0.9500000000000001,10000,131.9036705494,1.1289516783
0,105,37.6294295758,"[7, 3, 2, 1, 9, 9, 5, 0, 0, 6]",APS,pd,30,10,10,0.9500000000000001,10000,145.6532993317,1.1294295758
0,120,37.6291821082,"[7, 3, 2, 1, 9, 9, 5, 0, 0, 6]",APS,pd,30,10,10,0.9500000000000001,10000,161.2681787014,1.1291821082
0,135,37.6292479248,"[7, 3, 2, 1, 9, 9, 5, 0, 0, 6]",APS,pd,30,10,10,0.9500000000000001,10000,173.5650925636,1.1292479248
0,150,37.6292313869,"[7, 3, 2, 1, 9, 9, 5, 0, 0, 6]",APS,pd,30,10,10,0.9500000000000001,10000,191.0171132088,1.1292313869
0,165,37.6291439113,"[7, 3, 2, 1, 9, 9, 5, 0, 0, 6]",APS,pd,30,10,10,0.9500000000000001,10000,201.2102656364,1.1291439113
0,180,37.628993701,"[7, 3, 2, 1, 9, 9, 5, 0, 0, 6]",APS,pd,30,10,10,0.9500000000000001,10000,218.1545059681,1.128993701
0,195,37.6293503762,"[7, 3, 2, 1, 9, 9, 5, 0, 0, 6]",APS,pd,30,10,10,0.9500000000000001,10000,235.8543994427,1.1293503762000001
0,210,37.6296261866,"[7, 3, 2, 1, 9, 9, 5, 0, 0, 6]",APS,pd,30,10,10,0.9500000000000001,10000,258.6125860214,1.1296261866
0,225,37.6288422,"[7, 3, 2, 1, 9, 9, 5, 0, 0, 6]",APS,pd,30,10,10,0.9500000000000001,10000,278.8649511337,1.1288422
0,240,37.6297885851,"[7, 3, 2, 1, 9, 9, 5, 0, 0, 6]",APS,pd,30,10,10,0.9500000000000001,10000,276.9370918274,1.1297885851
0,255,37.6291880936,"[7, 3, 2, 1, 9, 9, 5, 0, 0, 6]",APS,pd,30,10,10,0.9500000000000001,10000,294.5518891811,1.1291880936
0,270,37.6293498626,"[7, 3, 2, 1, 9, 9, 5, 0, 0, 6]",APS,pd,30,10,10,0.9500000000000001,10000,320.7718639374,1.1293498626
0,285,37.629224341,"[7, 3, 2, 1, 9, 9, 5, 0, 0, 6]",APS,pd,30,10,10,0.9500000000000001,10000,340.3079786301,1.129224341
0,300,37.6288812668,"[7, 3, 2, 1, 9, 9, 5, 0, 0, 6]",APS,pd,30,10,10,0.9500000000000001,10000,340.8475558758,1.1288812668000001
0,315,37.6292946847,"[7, 3, 2, 1, 9, 9, 5, 0, 0, 6]",APS,pd,30,10,10,0.9500000000000001,10000,354.044314146,1.1292946847
0,330,37.6293212949,"[7, 3, 2, 1, 9, 9, 5, 0, 0, 6]",APS,pd,30,10,10,0.9500000000000001,10000,376.6818835735,1.1293212949
0,345,37.6290654265,"[7, 3, 2, 1, 9, 9, 5, 0, 0, 6]",APS,pd,30,10,10,0.9500000000000001,10000,400.4411125183,1.1290654265
0,360,37.6295128995,"[7, 3, 2, 1, 9, 9, 5, 0, 0, 6]",APS,pd,30,10,10,0.9500000000000001,10000,407.4038405418,1.1295128995
0,375,37.6295989006,"[7, 3, 2, 1, 9, 9, 5, 0, 0, 6]",APS,pd,30,10,10,0.9500000000000001,10000,432.4636278152,1.1295989006
0,390,37.6292248215,"[7, 3, 2, 1, 9, 9, 5, 0, 0, 6]",APS,pd,30,10,10,0.9500000000000001,10000,432.566798687,1.1292248215
0,405,37.6289812597,"[7, 3, 2, 1, 9, 9, 5, 0, 0, 6]",APS,pd,30,10,10,0.9500000000000001,10000,453.9881906509,1.1289812597
0,420,37.628917813,"[7, 3, 2, 1, 9, 9, 5, 0, 0, 6]",APS,pd,30,10,10,0.9500000000000001,10000,462.5939781666,1.128917813
0,435,37.6288622509,"[7, 3, 2, 1, 9, 9, 5, 0, 0, 6]",APS,pd,30,10,10,0.9500000000000001,10000,486.1324996948,1.1288622509
0,450,37.6292352736,"[7, 3, 2, 1, 9, 9, 5, 0, 0, 6]",APS,pd,30,10,10,0.9500000000000001,10000,513.8197102547,1.1292352736
0,465,37.6292961742,"[7, 3, 2, 1, 9, 9, 5, 0, 0, 6]",APS,pd,30,10,10,0.9500000000000001,10000,527.3931896687,1.1292961742
0,480,37.6294055857,"[7, 3, 2, 1, 9, 9, 5, 0, 0, 6]",APS,pd,30,10,10,0.9500000000000001,10000,528.2550930977,1.1294055857
0,495,37.6290657655,"[7, 3, 2, 1, 9, 9, 5, 0, 0, 6]",APS,pd,30,10,10,0.9500000000000001,10000,555.7908656597,1.1290657655
0,510,37.629044568,"[7, 3, 2, 1, 9, 9, 5, 0, 0, 6]",APS,pd,30,10,10,0.9500000000000001,10000,567.2094271183,1.129044568
0,525,37.6295757287,"[7, 3, 2, 1, 9, 9, 5, 0, 0, 6]",APS,pd,30,10,10,0.9500000000000001,10000,565.4970881939,1.1295757287
0,540,37.6295061729,"[7, 3, 2, 1, 9, 9, 5, 0, 0, 6]",APS,pd,30,10,10,0.9500000000000001,10000,594.8063817024,1.1295061729
0,555,37.6290935454,"[7, 3, 2, 1, 9, 9, 5, 0, 0, 6]",APS,pd,30,10,10,0.9500000000000001,10000,592.7548146248,1.1290935454
0,570,37.6291332701,"[7, 3, 2, 1, 9, 9, 5, 0, 0, 6]",APS,pd,30,10,10,0.9500000000000001,10000,626.9428656101,1.1291332701
0,585,37.6291766219,"[7, 3, 2, 1, 9, 9, 5, 0, 0, 6]",APS,pd,30,10,10,0.9500000000000001,10000,629.6371572018,1.1291766219000001
0,600,37.6288976853,"[7, 3, 2, 1, 9, 9, 5, 0, 0, 6]",APS,pd,30,10,10,0.9500000000000001,10000,662.7043118477,1.1288976853000001
0,615,37.629468074100004,"[7, 3, 2, 1, 9, 9, 5, 0, 0, 6]",APS,pd,30,10,10,0.9500000000000001,10000,679.6854987144,1.1294680741
0,630,37.6286155461,"[7, 3, 2, 1, 9, 9, 5, 0, 0, 6]",APS,pd,30,10,10,0.9500000000000001,10000,676.2870385647,1.1286155461
0,645,37.629163806,"[7, 3, 2, 1, 9, 9, 5, 0, 0, 6]",APS,pd,30,10,10,0.9500000000000001,10000,707.1981692314,1.129163806
0,660,37.6293614754,"[7, 3, 2, 1, 9, 9, 5, 0, 0, 6]",APS,pd,30,10,10,0.9500000000000001,10000,719.5249602795,1.1293614754
0,675,37.6294534112,"[7, 3, 2, 1, 9, 9, 5, 0, 0, 6]",APS,pd,30,10,10,0.9500000000000001,10000,723.0738675594,1.1294534112
0,690,37.629362773,"[7, 3, 2, 1, 9, 9, 5, 0, 0, 6]",APS,pd,30,10,10,0.9500000000000001,10000,746.3836681843,1.129362773
0,705,37.6296882044,"[7, 3, 2, 1, 9, 9, 5, 0, 0, 6]",APS,pd,30,10,10,0.9500000000000001,10000,748.8872234821,1.1296882044
0,720,37.6289901228,"[7, 3, 2, 1, 9, 9, 5, 0, 0, 6]",APS,pd,30,10,10,0.9500000000000001,10000,756.181797266,1.1289901227999999
0,735,37.6291141256,"[7, 3, 2, 1, 9, 9, 5, 0, 0, 6]",APS,pd,30,10,10,0.9500000000000001,10000,794.4387066364,1.1291141256000001
0,750,37.6293261346,"[7, 3, 2, 1, 9, 9, 5, 0, 0, 6]",APS,pd,30,10,10,0.9500000000000001,10000,791.3164739609,1.1293261346
0,765,37.629459282,"[7, 3, 2, 1, 9, 9, 5, 0, 0, 6]",APS,pd,30,10,10,0.9500000000000001,10000,811.962236166,1.129459282
0,780,37.6288746894,"[7, 3, 2, 1, 9, 9, 5, 0, 0, 6]",APS,pd,30,10,10,0.9500000000000001,10000,838.0465247631,1.1288746894
0,795,37.6291566032,"[7, 3, 2, 1, 9, 9, 5, 0, 0, 6]",APS,pd,30,10,10,0.9500000000000001,10000,841.9358568192,1.1291566032
0,810,37.6294806148,"[7, 3, 2, 1, 9, 9, 5, 0, 0, 6]",APS,pd,30,10,10,0.9500000000000001,10000,858.4794363976,1.1294806148
0,825,37.6293565873,"[7, 3, 2, 1, 9, 9, 5, 0, 0, 6]",APS,pd,30,10,10,0.9500000000000001,10000,897.0965554714,1.1293565873
0,840,37.6291106854,"[7, 3, 2, 1, 9, 9, 5, 0, 0, 6]",APS,pd,30,10,10,0.9500000000000001,10000,883.1240162849,1.1291106854
0,855,37.6294236203,"[7, 3, 2, 1, 9, 9, 5, 0, 0, 6]",APS,pd,30,10,10,0.9500000000000001,10000,926.8984851837,1.1294236203
0,870,37.6291709792,"[7, 3, 2, 1, 9, 9, 5, 0, 0, 6]",APS,pd,30,10,10,0.9500000000000001,10000,930.6000125408,1.1291709792
0,885,37.6292927202,"[7, 3, 2, 1, 9, 9, 5, 0, 0, 6]",APS,pd,30,10,10,0.9500000000000001,10000,938.0741765499,1.1292927202
0,900,37.6292509447,"[7, 3, 2, 1, 9, 9, 5, 0, 0, 6]",APS,pd,30,10,10,0.9500000000000001,10000,971.305028677,1.1292509447
0,915,37.6289958106,"[7, 3, 2, 1, 9, 9, 5, 0, 0, 6]",APS,pd,30,10,10,0.9500000000000001,10000,953.4569885731,1.1289958106
0,930,37.629130444,"[7, 3, 2, 1, 9, 9, 5, 0, 0, 6]",APS,pd,30,10,10,0.9500000000000001,10000,986.5076858997,1.129130444
0,945,37.6292918839,"[7, 3, 2, 1, 9, 9, 5, 0, 0, 6]",APS,pd,30,10,10,0.9500000000000001,10000,987.6255898476,1.1292918839000001
0,960,37.6293658836,"[7, 3, 2, 1, 9, 9, 5, 0, 0, 6]",APS,pd,30,10,10,0.9500000000000001,10000,1006.0861363411,1.1293658836
0,975,37.6293064587,"[7, 3, 2, 1, 9, 9, 5, 0, 0, 6]",APS,pd,30,10,10,0.9500000000000001,10000,1012.7245128155,1.1293064587
0,990,37.628848503,"[7, 3, 2, 1, 9, 9, 5, 0, 0, 6]",APS,pd,30,10,10,0.9500000000000001,10000,1036.2503175735,1.128848503
0,1005,37.6294892564,"[7, 3, 2, 1, 9, 9, 5, 0, 0, 6]",APS,pd,30,10,10,0.9500000000000001,10000,1042.0303707123,1.1294892564
0,1020,37.6296650004,"[7, 3, 2, 1, 9, 9, 5, 0, 0, 6]",APS,pd,30,10,10,0.9500000000000001,10000,1079.9357836246,1.1296650004
0,1035,37.6293905761,"[7, 3, 2, 1, 9, 9, 5, 0, 0, 6]",APS,pd,30,10,10,0.9500000000000001,10000,1097.3608822823,1.1293905761
0,1050,37.6295765894,"[7, 3, 2, 1, 9, 9, 5, 0, 0, 6]",APS,pd,30,10,10,0.9500000000000001,10000,1089.1908900738,1.1295765894
0,1065,37.6294957917,"[7, 3, 2, 1, 9, 9, 5, 0, 0, 6]",APS,pd,30,10,10,0.9500000000000001,10000,1112.8112709522,1.1294957917
0,1080,37.6294474049,"[7, 3, 2, 1, 9, 9, 5, 0, 0, 6]",APS,pd,30,10,10,0.9500000000000001,10000,1140.5002493858,1.1294474049
0,1095,37.6294857866,"[7, 3, 2, 1, 9, 9, 5, 0, 0, 6]",APS,pd,30,10,10,0.9500000000000001,10000,1152.035895586,1.1294857866
0,1110,37.6292567744,"[7, 3, 2, 1, 9, 9, 5, 0, 0, 6]",APS,pd,30,10,10,0.9500000000000001,10000,1162.1027789116,1.1292567744
0,1125,37.6293938025,"[7, 3, 2, 1, 9, 9, 5, 0, 0, 6]",APS,pd,30,10,10,0.9500000000000001,10000,1181.3674461842,1.1293938025
0,1140,37.6289713281,"[7, 3, 2, 1, 9, 9, 5, 0, 0, 6]",APS,pd,30,10,10,0.9500000000000001,10000,1198.8312571049,1.1289713281
0,1155,37.6296057742,"[7, 3, 2, 1, 9, 9, 5, 0, 0, 6]",APS,pd,30,10,10,0.9500000000000001,10000,1203.5136692524,1.1296057742
0,1170,37.6297228594,"[7, 3, 2, 1, 9, 9, 5, 0, 0, 6]",APS,pd,30,10,10,0.9500000000000001,10000,1208.4052650928,1.1297228594
0,1185,37.6293927593,"[7, 3, 2, 1, 9, 9, 5, 0, 0, 6]",APS,pd,30,10,10,0.9500000000000001,10000,1230.3486399651,1.1293927593
0,1200,37.6287931575,"[7, 3, 2, 1, 9, 9, 5, 0, 0, 6]",APS,pd,30,10,10,0.9500000000000001,10000,1254.5089390278,1.1287931575
1,15,31.3049133017,"[5, 7, 2, 1, 0, 9, 8, 9, 8, 6]",APS,pd,30,10,10,0.9500000000000001,10000,53.3787074089,-5.1950866983
1,30,36.8591153006,"[7, 3, 6, 1, 9, 9, 5, 0, 0, 6]",APS,pd,30,10,10,0.9500000000000001,10000,71.9912469387,0.3591153006
1,45,35.3498714917,"[7, 7, 2, 1, 9, 9, 5, 0, 0, 8]",APS,pd,30,10,10,0.9500000000000001,10000,89.3180859089,-1.1501285083
1,60,37.6294626969,"[7, 3, 2, 1, 9, 9, 5, 0, 0, 6]",APS,pd,30,10,10,0.9500000000000001,10000,97.15928936,1.1294626969000001
1,75,37.6291341862,"[7, 3, 2, 1, 9, 9, 5, 0, 0, 6]",APS,pd,30,10,10,0.9500000000000001,10000,120.2085354328,1.1291341862
1,90,37.6289795833,"[7, 3, 2, 1, 9, 9, 5, 0, 0, 6]",APS,pd,30,10,10,0.9500000000000001,10000,129.118840456,1.1289795833
1,105,37.6290954912,"[7, 3, 2, 1, 9, 9, 5, 0, 0, 6]",APS,pd,30,10,10,0.9500000000000001,10000,142.6610531807,1.1290954912
1,120,37.6293923653,"[7, 3, 2, 1, 9, 9, 5, 0, 0, 6]",APS,pd,30,10,10,0.9500000000000001,10000,157.5343124866,1.1293923653
1,135,37.6291092347,"[7, 3, 2, 1, 9, 9, 5, 0, 0, 6]",APS,pd,30,10,10,0.9500000000000001,10000,185.0497584343,1.1291092347
1,150,37.6292138056,"[7, 3, 2, 1, 9, 9, 5, 0, 0, 6]",APS,pd,30,10,10,0.9500000000000001,10000,187.5344824791,1.1292138056
1,165,37.6295346834,"[7, 3, 2, 1, 9, 9, 5, 0, 0, 6]",APS,pd,30,10,10,0.9500000000000001,10000,200.5345454216,1.1295346834
1,180,37.6294960143,"[7, 3, 2, 1, 9, 9, 5, 0, 0, 6]",APS,pd,30,10,10,0.9500000000000001,10000,218.7641453743,1.1294960143
1,195,37.6291497363,"[7, 3, 2, 1, 9, 9, 5, 0, 0, 6]",APS,pd,30,10,10,0.9500000000000001,10000,241.0879788399,1.1291497363
1,210,37.6290287273,"[7, 3, 2, 1, 9, 9, 5, 0, 0, 6]",APS,pd,30,10,10,0.9500000000000001,10000,251.7176487446,1.1290287273
1,225,37.6297206601,"[7, 3, 2, 1, 9, 9, 5, 0, 0, 6]",APS,pd,30,10,10,0.9500000000000001,10000,273.8725979328,1.1297206601
1,240,37.6291111271,"[7, 3, 2, 1, 9, 9, 5, 0, 0, 6]",APS,pd,30,10,10,0.9500000000000001,10000,292.6529655457,1.1291111271
1,255,37.6290430688,"[7, 3, 2, 1, 9, 9, 5, 0, 0, 6]",APS,pd,30,10,10,0.9500000000000001,10000,308.610532999,1.1290430688
1,270,37.629287211,"[7, 3, 2, 1, 9, 9, 5, 0, 0, 6]",APS,pd,30,10,10,0.9500000000000001,10000,311.6697616577,1.129287211
1,285,37.6296719061,"[7, 3, 2, 1, 9, 9, 5, 0, 0, 6]",APS,pd,30,10,10,0.9500000000000001,10000,335.7988293171,1.1296719061
1,300,37.6290524791,"[7, 3, 2, 1, 9, 9, 5, 0, 0, 6]",APS,pd,30,10,10,0.9500000000000001,10000,340.957593441,1.1290524791
1,315,37.6292977818,"[7, 3, 2, 1, 9, 9, 5, 0, 0, 6]",APS,pd,30,10,10,0.9500000000000001,10000,354.0467610359,1.1292977818
1,330,37.6288695997,"[7, 3, 2, 1, 9, 9, 5, 0, 0, 6]",APS,pd,30,10,10,0.9500000000000001,10000,380.3345806599,1.1288695997
1,345,37.6294896035,"[7, 3, 2, 1, 9, 9, 5, 0, 0, 6]",APS,pd,30,10,10,0.9500000000000001,10000,381.9145100117,1.1294896035
1,360,37.6292435826,"[7, 3, 2, 1, 9, 9, 5, 0, 0, 6]",APS,pd,30,10,10,0.9500000000000001,10000,403.4378430843,1.1292435826
1,375,37.6293985055,"[7, 3, 2, 1, 9, 9, 5, 0, 0, 6]",APS,pd,30,10,10,0.9500000000000001,10000,420.5812778473,1.1293985055
1,390,37.6291202494,"[7, 3, 2, 1, 9, 9, 5, 0, 0, 6]",APS,pd,30,10,10,0.9500000000000001,10000,435.8862287998,1.1291202494
1,405,37.6291906582,"[7, 3, 2, 1, 9, 9, 5, 0, 0, 6]",APS,pd,30,10,10,0.9500000000000001,10000,449.3355784416,1.1291906582
1,420,37.6293036317,"[7, 3, 2, 1, 9, 9, 5, 0, 0, 6]",APS,pd,30,10,10,0.9500000000000001,10000,479.5334918499,1.1293036317
1,435,37.628986988,"[7, 3, 2, 1, 9, 9, 5, 0, 0, 6]",APS,pd,30,10,10,0.9500000000000001,10000,486.3790662289,1.128986988
1,450,37.6293275826,"[7, 3, 2, 1, 9, 9, 5, 0, 0, 6]",APS,pd,30,10,10,0.9500000000000001,10000,509.8473188877,1.1293275826
1,465,37.6286835892,"[7, 3, 2, 1, 9, 9, 5, 0, 0, 6]",APS,pd,30,10,10,0.9500000000000001,10000,525.6007022858,1.1286835892
1,480,37.6294695606,"[7, 3, 2, 1, 9, 9, 5, 0, 0, 6]",APS,pd,30,10,10,0.9500000000000001,10000,532.8976297379,1.1294695606
1,495,37.6293273183,"[7, 3, 2, 1, 9, 9, 5, 0, 0, 6]",APS,pd,30,10,10,0.9500000000000001,10000,535.5798940659,1.1293273183
1,510,37.6294615351,"[7, 3, 2, 1, 9, 9, 5, 0, 0, 6]",APS,pd,30,10,10,0.9500000000000001,10000,561.2070558071,1.1294615351
1,525,37.6293812817,"[7, 3, 2, 1, 9, 9, 5, 0, 0, 6]",APS,pd,30,10,10,0.9500000000000001,10000,579.9062924385,1.1293812817
1,540,37.6292007529,"[7, 3, 2, 1, 9, 9, 5, 0, 0, 6]",APS,pd,30,10,10,0.9500000000000001,10000,600.4881346226,1.1292007529
1,555,37.6295999149,"[7, 3, 2, 1, 9, 9, 5, 0, 0, 6]",APS,pd,30,10,10,0.9500000000000001,10000,615.9463653564,1.1295999149
1,570,37.6292783752,"[7, 3, 2, 1, 9, 9, 5, 0, 0, 6]",APS,pd,30,10,10,0.9500000000000001,10000,622.9075601101,1.1292783752
1,585,37.6288577201,"[7, 3, 2, 1, 9, 9, 5, 0, 0, 6]",APS,pd,30,10,10,0.9500000000000001,10000,632.4555187225,1.1288577201
1,600,37.6293311619,"[7, 3, 2, 1, 9, 9, 5, 0, 0, 6]",APS,pd,30,10,10,0.9500000000000001,10000,658.4008591175,1.1293311619
1,615,37.6294136071,"[7, 3, 2, 1, 9, 9, 5, 0, 0, 6]",APS,pd,30,10,10,0.9500000000000001,10000,671.61089921,1.1294136071
1,630,37.6296679978,"[7, 3, 2, 1, 9, 9, 5, 0, 0, 6]",APS,pd,30,10,10,0.9500000000000001,10000,686.1601462364,1.1296679978
1,645,37.6294661615,"[7, 3, 2, 1, 9, 9, 5, 0, 0, 6]",APS,pd,30,10,10,0.9500000000000001,10000,687.5572984219,1.1294661615
1,660,37.6287361985,"[7, 3, 2, 1, 9, 9, 5, 0, 0, 6]",APS,pd,30,10,10,0.9500000000000001,10000,709.8818180561,1.1287361985
1,675,37.6288439033,"[7, 3, 2, 1, 9, 9, 5, 0, 0, 6]",APS,pd,30,10,10,0.9500000000000001,10000,734.6353731155,1.1288439033
1,690,37.6292134442,"[7, 3, 2, 1, 9, 9, 5, 0, 0, 6]",APS,pd,30,10,10,0.9500000000000001,10000,755.1521060467,1.1292134442
1,705,37.6290137333,"[7, 3, 2, 1, 9, 9, 5, 0, 0, 6]",APS,pd,30,10,10,0.9500000000000001,10000,740.9640734196,1.1290137333
1,720,37.628996389,"[7, 3, 2, 1, 9, 9, 5, 0, 0, 6]",APS,pd,30,10,10,0.9500000000000001,10000,785.1365728378,1.128996389
1,735,37.6294939352,"[7, 3, 2, 1, 9, 9, 5, 0, 0, 6]",APS,pd,30,10,10,0.9500000000000001,10000,795.6183345318,1.1294939352
1,750,37.6295281454,"[7, 3, 2, 1, 9, 9, 5, 0, 0, 6]",APS,pd,30,10,10,0.9500000000000001,10000,791.2969579697,1.1295281454000001
1,765,37.6289055055,"[7, 3, 2, 1, 9, 9, 5, 0, 0, 6]",APS,pd,30,10,10,0.9500000000000001,10000,802.5368485451,1.1289055055000001
1,780,37.6294705983,"[7, 3, 2, 1, 9, 9, 5, 0, 0, 6]",APS,pd,30,10,10,0.9500000000000001,10000,818.7256608009,1.1294705983
1,795,37.6291363046,"[7, 3, 2, 1, 9, 9, 5, 0, 0, 6]",APS,pd,30,10,10,0.9500000000000001,10000,858.456966877,1.1291363046
1,810,37.6288820014,"[7, 3, 2, 1, 9, 9, 5, 0, 0, 6]",APS,pd,30,10,10,0.9500000000000001,10000,846.8409934044,1.1288820014
1,825,37.6297264423,"[7, 3, 2, 1, 9, 9, 5, 0, 0, 6]",APS,pd,30,10,10,0.9500000000000001,10000,866.9873158932,1.1297264423
1,840,37.6293969055,"[7, 3, 2, 1, 9, 9, 5, 0, 0, 6]",APS,pd,30,10,10,0.9500000000000001,10000,897.1690578461,1.1293969055
1,855,37.629445779,"[7, 3, 2, 1, 9, 9, 5, 0, 0, 6]",APS,pd,30,10,10,0.9500000000000001,10000,920.9694314003,1.129445779
1,870,37.6295890151,"[7, 3, 2, 1, 9, 9, 5, 0, 0, 6]",APS,pd,30,10,10,0.9500000000000001,10000,921.6326508522,1.1295890151
1,885,37.6293363726,"[7, 3, 2, 1, 9, 9, 5, 0, 0, 6]",APS,pd,30,10,10,0.9500000000000001,10000,941.2428011894,1.1293363726
1,900,37.6288375097,"[7, 3, 2, 1, 9, 9, 5, 0, 0, 6]",APS,pd,30,10,10,0.9500000000000001,10000,974.0929071903,1.1288375097
1,915,37.6292321315,"[7, 3, 2, 1, 9, 9, 5, 0, 0, 6]",APS,pd,30,10,10,0.9500000000000001,10000,986.6150753498,1.1292321315
1,930,37.628927385,"[7, 3, 2, 1, 9, 9, 5, 0, 0, 6]",APS,pd,30,10,10,0.9500000000000001,10000,1002.0865249634,1.128927385
1,945,37.6291238162,"[7, 3, 2, 1, 9, 9, 5, 0, 0, 6]",APS,pd,30,10,10,0.9500000000000001,10000,1001.8462142944,1.1291238162
1,960,37.629403605,"[7, 3, 2, 1, 9, 9, 5, 0, 0, 6]",APS,pd,30,10,10,0.9500000000000001,10000,997.881124258,1.129403605
1,975,37.6296090278,"[7, 3, 2, 1, 9, 9, 5, 0, 0, 6]",APS,pd,30,10,10,0.9500000000000001,10000,1019.0201759338,1.1296090278
1,990,37.6290591384,"[7, 3, 2, 1, 9, 9, 5, 0, 0, 6]",APS,pd,30,10,10,0.9500000000000001,10000,1052.4906470776,1.1290591384
1,1005,37.6295042296,"[7, 3, 2, 1, 9, 9, 5, 0, 0, 6]",APS,pd,30,10,10,0.9500000000000001,10000,1072.1778228283,1.1295042296
1,1020,37.629584399,"[7, 3, 2, 1, 9, 9, 5, 0, 0, 6]",APS,pd,30,10,10,0.9500000000000001,10000,1081.6293385029,1.129584399
1,1035,37.6291157486,"[7, 3, 2, 1, 9, 9, 5, 0, 0, 6]",APS,pd,30,10,10,0.9500000000000001,10000,1091.5521280766,1.1291157486
1,1050,37.6289431516,"[7, 3, 2, 1, 9, 9, 5, 0, 0, 6]",APS,pd,30,10,10,0.9500000000000001,10000,1095.1641995907,1.1289431516
1,1065,37.6290801117,"[7, 3, 2, 1, 9, 9, 5, 0, 0, 6]",APS,pd,30,10,10,0.9500000000000001,10000,1107.4404270649,1.1290801117
1,1080,37.6292009173,"[7, 3, 2, 1, 9, 9, 5, 0, 0, 6]",APS,pd,30,10,10,0.9500000000000001,10000,1123.3400416374,1.1292009173
1,1095,37.6290820973,"[7, 3, 2, 1, 9, 9, 5, 0, 0, 6]",APS,pd,30,10,10,0.9500000000000001,10000,1166.5371685028,1.1290820973
1,1110,37.629283855,"[7, 3, 2, 1, 9, 9, 5, 0, 0, 6]",APS,pd,30,10,10,0.9500000000000001,10000,1150.6370234489,1.129283855
1,1125,37.6294184176,"[7, 3, 2, 1, 9, 9, 5, 0, 0, 6]",APS,pd,30,10,10,0.9500000000000001,10000,1187.3508253098,1.1294184176
1,1140,37.6293253817,"[7, 3, 2, 1, 9, 9, 5, 0, 0, 6]",APS,pd,30,10,10,0.9500000000000001,10000,1215.0586681366,1.1293253817
1,1155,37.629389271,"[7, 3, 2, 1, 9, 9, 5, 0, 0, 6]",APS,pd,30,10,10,0.9500000000000001,10000,1198.6416471004,1.129389271
1,1170,37.6290836949,"[7, 3, 2, 1, 9, 9, 5, 0, 0, 6]",APS,pd,30,10,10,0.9500000000000001,10000,1241.5360901356,1.1290836949
1,1185,37.6292740661,"[7, 3, 2, 1, 9, 9, 5, 0, 0, 6]",APS,pd,30,10,10,0.9500000000000001,10000,1233.6718256474,1.1292740661
1,1200,37.6287847525,"[7, 3, 2, 1, 9, 9, 5, 0, 0, 6]",APS,pd,30,10,10,0.9500000000000001,10000,1263.7847607136,1.1287847525
2,15,32.2407209849,"[7, 3, 4, 9, 0, 4, 5, 7, 0, 6]",APS,pd,30,10,10,0.9500000000000001,10000,52.4005701542,-4.2592790151
2,30,34.2095186695,"[7, 7, 2, 1, 5, 9, 5, 0, 2, 6]",APS,pd,30,10,10,0.9500000000000001,10000,70.9621548653,-2.2904813305
2,45,37.6292484984,"[7, 3, 2, 1, 9, 9, 5, 0, 0, 6]",APS,pd,30,10,10,0.9500000000000001,10000,87.4715969563,1.1292484984
2,60,37.6291465323,"[7, 3, 2, 1, 9, 9, 5, 0, 0, 6]",APS,pd,30,10,10,0.9500000000000001,10000,99.3654606342,1.1291465323
2,75,37.6296642291,"[7, 3, 2, 1, 9, 9, 5, 0, 0, 6]",APS,pd,30,10,10,0.9500000000000001,10000,117.7471425533,1.1296642291
2,90,37.6290472679,"[7, 3, 2, 1, 9, 9, 5, 0, 0, 6]",APS,pd,30,10,10,0.9500000000000001,10000,132.2626285553,1.1290472679
2,105,37.6294259936,"[7, 3, 2, 1, 9, 9, 5, 0, 0, 6]",APS,pd,30,10,10,0.9500000000000001,10000,145.5329389572,1.1294259936
2,120,37.6295185593,"[7, 3, 2, 1, 9, 9, 5, 0, 0, 6]",APS,pd,30,10,10,0.9500000000000001,10000,156.6396076679,1.1295185593000001
2,135,37.6295107924,"[7, 3, 2, 1, 9, 9, 5, 0, 0, 6]",APS,pd,30,10,10,0.9500000000000001,10000,183.2827849388,1.1295107924
2,150,37.6290634597,"[7, 3, 2, 1, 9, 9, 5, 0, 0, 6]",APS,pd,30,10,10,0.9500000000000001,10000,186.9283473492,1.1290634597
2,165,37.6296308291,"[7, 3, 2, 1, 9, 9, 5, 0, 0, 6]",APS,pd,30,10,10,0.9500000000000001,10000,204.3924176693,1.1296308291
2,180,37.6295503237,"[7, 3, 2, 1, 9, 9, 5, 0, 0, 6]",APS,pd,30,10,10,0.9500000000000001,10000,217.8741972446,1.1295503237
2,195,37.6292250666,"[7, 3, 2, 1, 9, 9, 5, 0, 0, 6]",APS,pd,30,10,10,0.9500000000000001,10000,234.1456441879,1.1292250666
2,210,37.6292604293,"[7, 3, 2, 1, 9, 9, 5, 0, 0, 6]",APS,pd,30,10,10,0.9500000000000001,10000,250.1423687935,1.1292604293
2,225,37.6291028797,"[7, 3, 2, 1, 9, 9, 5, 0, 0, 6]",APS,pd,30,10,10,0.9500000000000001,10000,273.5963785648,1.1291028797
2,240,37.6291980527,"[7, 3, 2, 1, 9, 9, 5, 0, 0, 6]",APS,pd,30,10,10,0.9500000000000001,10000,295.0470924377,1.1291980527
2,255,37.6293816463,"[7, 3, 2, 1, 9, 9, 5, 0, 0, 6]",APS,pd,30,10,10,0.9500000000000001,10000,293.214243412,1.1293816463
2,270,37.629075606,"[7, 3, 2, 1, 9, 9, 5, 0, 0, 6]",APS,pd,30,10,10,0.9500000000000001,10000,317.3116989136,1.129075606
2,285,37.6290492068,"[7, 3, 2, 1, 9, 9, 5, 0, 0, 6]",APS,pd,30,10,10,0.9500000000000001,10000,329.5886316299,1.1290492068
2,300,37.6295146469,"[7, 3, 2, 1, 9, 9, 5, 0, 0, 6]",APS,pd,30,10,10,0.9500000000000001,10000,349.859326601,1.1295146469
2,315,37.629678702,"[7, 3, 2, 1, 9, 9, 5, 0, 0, 6]",APS,pd,30,10,10,0.9500000000000001,10000,356.6385846138,1.129678702
2,330,37.6289429387,"[7, 3, 2, 1, 9, 9, 5, 0, 0, 6]",APS,pd,30,10,10,0.9500000000000001,10000,381.293898344,1.1289429387
2,345,37.6294113252,"[7, 3, 2, 1, 9, 9, 5, 0, 0, 6]",APS,pd,30,10,10,0.9500000000000001,10000,404.9911105633,1.1294113252
2,360,37.6296320926,"[7, 3, 2, 1, 9, 9, 5, 0, 0, 6]",APS,pd,30,10,10,0.9500000000000001,10000,403.8257286549,1.1296320926
2,375,37.6292011928,"[7, 3, 2, 1, 9, 9, 5, 0, 0, 6]",APS,pd,30,10,10,0.9500000000000001,10000,426.1791307926,1.1292011928
2,390,37.6291186174,"[7, 3, 2, 1, 9, 9, 5, 0, 0, 6]",APS,pd,30,10,10,0.9500000000000001,10000,431.3991999626,1.1291186174
2,405,37.6293148319,"[7, 3, 2, 1, 9, 9, 5, 0, 0, 6]",APS,pd,30,10,10,0.9500000000000001,10000,462.5028483868,1.1293148319
2,420,37.6291919099,"[7, 3, 2, 1, 9, 9, 5, 0, 0, 6]",APS,pd,30,10,10,0.9500000000000001,10000,470.0233032703,1.1291919099
2,435,37.6295771397,"[7, 3, 2, 1, 9, 9, 5, 0, 0, 6]",APS,pd,30,10,10,0.9500000000000001,10000,494.9224026203,1.1295771397
2,450,37.6293368379,"[7, 3, 2, 1, 9, 9, 5, 0, 0, 6]",APS,pd,30,10,10,0.9500000000000001,10000,501.3630280495,1.1293368379
2,465,37.629359085,"[7, 3, 2, 1, 9, 9, 5, 0, 0, 6]",APS,pd,30,10,10,0.9500000000000001,10000,510.9902079105,1.129359085
2,480,37.6293772978,"[7, 3, 2, 1, 9, 9, 5, 0, 0, 6]",APS,pd,30,10,10,0.9500000000000001,10000,535.8549842834,1.1293772978
2,495,37.6292045755,"[7, 3, 2, 1, 9, 9, 5, 0, 0, 6]",APS,pd,30,10,10,0.9500000000000001,10000,558.9685349464,1.1292045755
2,510,37.6295616904,"[7, 3, 2, 1, 9, 9, 5, 0, 0, 6]",APS,pd,30,10,10,0.9500000000000001,10000,563.2372276783,1.1295616904
2,525,37.6297911168,"[7, 3, 2, 1, 9, 9, 5, 0, 0, 6]",APS,pd,30,10,10,0.9500000000000001,10000,588.9308581352,1.1297911167999999
2,540,37.6292035439,"[7, 3, 2, 1, 9, 9, 5, 0, 0, 6]",APS,pd,30,10,10,0.9500000000000001,10000,599.2471587658,1.1292035439
2,555,37.6292195661,"[7, 3, 2, 1, 9, 9, 5, 0, 0, 6]",APS,pd,30,10,10,0.9500000000000001,10000,602.8277103901,1.1292195661
2,570,37.6294110491,"[7, 3, 2, 1, 9, 9, 5, 0, 0, 6]",APS,pd,30,10,10,0.9500000000000001,10000,616.729113102,1.1294110491
2,585,37.6287662818,"[7, 3, 2, 1, 9, 9, 5, 0, 0, 6]",APS,pd,30,10,10,0.9500000000000001,10000,644.117834568,1.1287662818
2,600,37.629014733700004,"[7, 3, 2, 1, 9, 9, 5, 0, 0, 6]",APS,pd,30,10,10,0.9500000000000001,10000,645.8756577969,1.1290147337
2,615,37.6290466992,"[7, 3, 2, 1, 9, 9, 5, 0, 0, 6]",APS,pd,30,10,10,0.9500000000000001,10000,662.1727445126,1.1290466992
2,630,37.6290789638,"[7, 3, 2, 1, 9, 9, 5, 0, 0, 6]",APS,pd,30,10,10,0.9500000000000001,10000,691.1186790466,1.1290789638
2,645,37.6294870398,"[7, 3, 2, 1, 9, 9, 5, 0, 0, 6]",APS,pd,30,10,10,0.9500000000000001,10000,686.0779569149,1.1294870398
2,660,37.6288646399,"[7, 3, 2, 1, 9, 9, 5, 0, 0, 6]",APS,pd,30,10,10,0.9500000000000001,10000,726.4019434452,1.1288646399
2,675,37.629230306,"[7, 3, 2, 1, 9, 9, 5, 0, 0, 6]",APS,pd,30,10,10,0.9500000000000001,10000,715.1629421711,1.129230306
2,690,37.6288141868,"[7, 3, 2, 1, 9, 9, 5, 0, 0, 6]",APS,pd,30,10,10,0.9500000000000001,10000,729.6607179642,1.1288141868000001
2,705,37.6293018596,"[7, 3, 2, 1, 9, 9, 5, 0, 0, 6]",APS,pd,30,10,10,0.9500000000000001,10000,767.3719272614,1.1293018596
2,720,37.6291717916,"[7, 3, 2, 1, 9, 9, 5, 0, 0, 6]",APS,pd,30,10,10,0.9500000000000001,10000,777.2626094818,1.1291717916
2,735,37.6287058224,"[7, 3, 2, 1, 9, 9, 5, 0, 0, 6]",APS,pd,30,10,10,0.9500000000000001,10000,772.2041068077,1.1287058224
2,750,37.6293183042,"[7, 3, 2, 1, 9, 9, 5, 0, 0, 6]",APS,pd,30,10,10,0.9500000000000001,10000,810.8887827396,1.1293183042
2,765,37.6294013545,"[7, 3, 2, 1, 9, 9, 5, 0, 0, 6]",APS,pd,30,10,10,0.9500000000000001,10000,826.4185824394,1.1294013545000001
2,780,37.6291189252,"[7, 3, 2, 1, 9, 9, 5, 0, 0, 6]",APS,pd,30,10,10,0.9500000000000001,10000,824.9497144222,1.1291189252
2,795,37.6290471729,"[7, 3, 2, 1, 9, 9, 5, 0, 0, 6]",APS,pd,30,10,10,0.9500000000000001,10000,853.4227778912,1.1290471729
2,810,37.6290202691,"[7, 3, 2, 1, 9, 9, 5, 0, 0, 6]",APS,pd,30,10,10,0.9500000000000001,10000,869.8635675907,1.1290202691
2,825,37.6292259307,"[7, 3, 2, 1, 9, 9, 5, 0, 0, 6]",APS,pd,30,10,10,0.9500000000000001,10000,893.4316909313,1.1292259307
2,840,37.628724589,"[7, 3, 2, 1, 9, 9, 5, 0, 0, 6]",APS,pd,30,10,10,0.9500000000000001,10000,877.3015086651,1.128724589
2,855,37.6295239128,"[7, 3, 2, 1, 9, 9, 5, 0, 0, 6]",APS,pd,30,10,10,0.9500000000000001,10000,917.4293017387,1.1295239128
2,870,37.6298022677,"[7, 3, 2, 1, 9, 9, 5, 0, 0, 6]",APS,pd,30,10,10,0.9500000000000001,10000,917.5929656029,1.1298022677
2,885,37.6291237869,"[7, 3, 2, 1, 9, 9, 5, 0, 0, 6]",APS,pd,30,10,10,0.9500000000000001,10000,952.0802443027,1.1291237869
2,900,37.6293387323,"[7, 3, 2, 1, 9, 9, 5, 0, 0, 6]",APS,pd,30,10,10,0.9500000000000001,10000,940.7466719151,1.1293387323
2,915,37.6294989739,"[7, 3, 2, 1, 9, 9, 5, 0, 0, 6]",APS,pd,30,10,10,0.9500000000000001,10000,953.5149247646,1.1294989739
2,930,37.6289285424,"[7, 3, 2, 1, 9, 9, 5, 0, 0, 6]",APS,pd,30,10,10,0.9500000000000001,10000,971.4546916485,1.1289285424
2,945,37.6295115191,"[7, 3, 2, 1, 9, 9, 5, 0, 0, 6]",APS,pd,30,10,10,0.9500000000000001,10000,1015.3032417297,1.1295115191
2,960,37.629419377,"[7, 3, 2, 1, 9, 9, 5, 0, 0, 6]",APS,pd,30,10,10,0.9500000000000001,10000,1024.0003194809,1.129419377
2,975,37.6296450839,"[7, 3, 2, 1, 9, 9, 5, 0, 0, 6]",APS,pd,30,10,10,0.9500000000000001,10000,1049.7609634399,1.1296450839
2,990,37.6291124375,"[7, 3, 2, 1, 9, 9, 5, 0, 0, 6]",APS,pd,30,10,10,0.9500000000000001,10000,1062.6698493958,1.1291124375
2,1005,37.6294664509,"[7, 3, 2, 1, 9, 9, 5, 0, 0, 6]",APS,pd,30,10,10,0.9500000000000001,10000,1062.8134520054,1.1294664509
2,1020,37.6292937044,"[7, 3, 2, 1, 9, 9, 5, 0, 0, 6]",APS,pd,30,10,10,0.9500000000000001,10000,1076.9041483402,1.1292937044
2,1035,37.6293222279,"[7, 3, 2, 1, 9, 9, 5, 0, 0, 6]",APS,pd,30,10,10,0.9500000000000001,10000,1102.0988183022,1.1293222279
2,1050,37.62931656,"[7, 3, 2, 1, 9, 9, 5, 0, 0, 6]",APS,pd,30,10,10,0.9500000000000001,10000,1113.0938050747,1.12931656
2,1065,37.6287576762,"[7, 3, 2, 1, 9, 9, 5, 0, 0, 6]",APS,pd,30,10,10,0.9500000000000001,10000,1141.5794596672,1.1287576762
2,1080,37.6288694446,"[7, 3, 2, 1, 9, 9, 5, 0, 0, 6]",APS,pd,30,10,10,0.9500000000000001,10000,1129.254314661,1.1288694446
2,1095,37.6288939239,"[7, 3, 2, 1, 9, 9, 5, 0, 0, 6]",APS,pd,30,10,10,0.9500000000000001,10000,1173.0147373676,1.1288939239
2,1110,37.6291287909,"[7, 3, 2, 1, 9, 9, 5, 0, 0, 6]",APS,pd,30,10,10,0.9500000000000001,10000,1173.8637859821,1.1291287909
2,1125,37.6294802402,"[7, 3, 2, 1, 9, 9, 5, 0, 0, 6]",APS,pd,30,10,10,0.9500000000000001,10000,1170.5186767578,1.1294802402
2,1140,37.6288276274,"[7, 3, 2, 1, 9, 9, 5, 0, 0, 6]",APS,pd,30,10,10,0.9500000000000001,10000,1189.9714396,1.1288276274
2,1155,37.6291201686,"[7, 3, 2, 1, 9, 9, 5, 0, 0, 6]",APS,pd,30,10,10,0.9500000000000001,10000,1191.7592940331,1.1291201686
2,1170,37.6297719601,"[7, 3, 2, 1, 9, 9, 5, 0, 0, 6]",APS,pd,30,10,10,0.9500000000000001,10000,1239.4072563648,1.1297719601
2,1185,37.6292457371,"[7, 3, 2, 1, 9, 9, 5, 0, 0, 6]",APS,pd,30,10,10,0.9500000000000001,10000,1230.5294394493,1.1292457371
2,1200,37.6294578809,"[7, 3, 2, 1, 9, 9, 5, 0, 0, 6]",APS,pd,30,10,10,0.9500000000000001,10000,1247.3708472252,1.1294578809
3,15,32.0821573245,"[8, 8, 2, 8, 9, 9, 5, 9, 9, 6]",APS,pd,30,10,10,0.9500000000000001,10000,54.6712989807,-4.4178426755
3,30,35.4511247962,"[7, 8, 2, 1, 9, 9, 5, 0, 0, 8]",APS,pd,30,10,10,0.9500000000000001,10000,66.8538753986,-1.0488752038
3,45,37.6294814547,"[7, 3, 2, 1, 9, 9, 5, 0, 0, 6]",APS,pd,30,10,10,0.9500000000000001,10000,80.9544527531,1.1294814547
3,60,37.6296236184,"[7, 3, 2, 1, 9, 9, 5, 0, 0, 6]",APS,pd,30,10,10,0.9500000000000001,10000,100.9953753948,1.1296236184
3,75,37.6290954295,"[7, 3, 2, 1, 9, 9, 5, 0, 0, 6]",APS,pd,30,10,10,0.9500000000000001,10000,121.4570314884,1.1290954295
3,90,37.6293607094,"[7, 3, 2, 1, 9, 9, 5, 0, 0, 6]",APS,pd,30,10,10,0.9500000000000001,10000,135.7887368202,1.1293607094
3,105,37.6289325219,"[7, 3, 2, 1, 9, 9, 5, 0, 0, 6]",APS,pd,30,10,10,0.9500000000000001,10000,145.9269361496,1.1289325219
3,120,37.6291487406,"[7, 3, 2, 1, 9, 9, 5, 0, 0, 6]",APS,pd,30,10,10,0.9500000000000001,10000,159.2645187378,1.1291487406
3,135,37.6292074357,"[7, 3, 2, 1, 9, 9, 5, 0, 0, 6]",APS,pd,30,10,10,0.9500000000000001,10000,175.5222434998,1.1292074357
3,150,37.6296692788,"[7, 3, 2, 1, 9, 9, 5, 0, 0, 6]",APS,pd,30,10,10,0.9500000000000001,10000,189.4097399712,1.1296692788
3,165,37.6295318664,"[7, 3, 2, 1, 9, 9, 5, 0, 0, 6]",APS,pd,30,10,10,0.9500000000000001,10000,205.2485477924,1.1295318664
3,180,37.6293416163,"[7, 3, 2, 1, 9, 9, 5, 0, 0, 6]",APS,pd,30,10,10,0.9500000000000001,10000,221.3076045513,1.1293416163
3,195,37.6294352361,"[7, 3, 2, 1, 9, 9, 5, 0, 0, 6]",APS,pd,30,10,10,0.9500000000000001,10000,241.5318002701,1.1294352361
3,210,37.6290678561,"[7, 3, 2, 1, 9, 9, 5, 0, 0, 6]",APS,pd,30,10,10,0.9500000000000001,10000,255.6944601536,1.1290678561
3,225,37.6291659445,"[7, 3, 2, 1, 9, 9, 5, 0, 0, 6]",APS,pd,30,10,10,0.9500000000000001,10000,277.0360286236,1.1291659445
3,240,37.6293533032,"[7, 3, 2, 1, 9, 9, 5, 0, 0, 6]",APS,pd,30,10,10,0.9500000000000001,10000,279.8202979565,1.1293533032
3,255,37.6294220205,"[7, 3, 2, 1, 9, 9, 5, 0, 0, 6]",APS,pd,30,10,10,0.9500000000000001,10000,297.6880991459,1.1294220205
3,270,37.6294862415,"[7, 3, 2, 1, 9, 9, 5, 0, 0, 6]",APS,pd,30,10,10,0.9500000000000001,10000,316.2105712891,1.1294862415
3,285,37.6293017555,"[7, 3, 2, 1, 9, 9, 5, 0, 0, 6]",APS,pd,30,10,10,0.9500000000000001,10000,321.7915589809,1.1293017555
3,300,37.6292874355,"[7, 3, 2, 1, 9, 9, 5, 0, 0, 6]",APS,pd,30,10,10,0.9500000000000001,10000,342.3204391003,1.1292874355
3,315,37.6294402377,"[7, 3, 2, 1, 9, 9, 5, 0, 0, 6]",APS,pd,30,10,10,0.9500000000000001,10000,357.9249303341,1.1294402377
3,330,37.6295730447,"[7, 3, 2, 1, 9, 9, 5, 0, 0, 6]",APS,pd,30,10,10,0.9500000000000001,10000,378.0176513195,1.1295730447
3,345,37.6295759717,"[7, 3, 2, 1, 9, 9, 5, 0, 0, 6]",APS,pd,30,10,10,0.9500000000000001,10000,384.3232941628,1.1295759717
3,360,37.6288385771,"[7, 3, 2, 1, 9, 9, 5, 0, 0, 6]",APS,pd,30,10,10,0.9500000000000001,10000,411.6538286209,1.1288385771
3,375,37.6293192708,"[7, 3, 2, 1, 9, 9, 5, 0, 0, 6]",APS,pd,30,10,10,0.9500000000000001,10000,431.3853030205,1.1293192708
3,390,37.6291019693,"[7, 3, 2, 1, 9, 9, 5, 0, 0, 6]",APS,pd,30,10,10,0.9500000000000001,10000,428.0697257519,1.1291019693
3,405,37.6292047511,"[7, 3, 2, 1, 9, 9, 5, 0, 0, 6]",APS,pd,30,10,10,0.9500000000000001,10000,448.7439227104,1.1292047511
3,420,37.6292237601,"[7, 3, 2, 1, 9, 9, 5, 0, 0, 6]",APS,pd,30,10,10,0.9500000000000001,10000,463.8896305561,1.1292237601
3,435,37.6292219891,"[7, 3, 2, 1, 9, 9, 5, 0, 0, 6]",APS,pd,30,10,10,0.9500000000000001,10000,488.791318655,1.1292219891
3,450,37.6291713551,"[7, 3, 2, 1, 9, 9, 5, 0, 0, 6]",APS,pd,30,10,10,0.9500000000000001,10000,506.5692100525,1.1291713551
3,465,37.629230411,"[7, 3, 2, 1, 9, 9, 5, 0, 0, 6]",APS,pd,30,10,10,0.9500000000000001,10000,506.4028673172,1.129230411
3,480,37.6295169687,"[7, 3, 2, 1, 9, 9, 5, 0, 0, 6]",APS,pd,30,10,10,0.9500000000000001,10000,529.1961541176,1.1295169687
3,495,37.6292098105,"[7, 3, 2, 1, 9, 9, 5, 0, 0, 6]",APS,pd,30,10,10,0.9500000000000001,10000,536.2952775955,1.1292098105
3,510,37.6288747915,"[7, 3, 2, 1, 9, 9, 5, 0, 0, 6]",APS,pd,30,10,10,0.9500000000000001,10000,575.192438364,1.1288747915
3,525,37.6294431905,"[7, 3, 2, 1, 9, 9, 5, 0, 0, 6]",APS,pd,30,10,10,0.9500000000000001,10000,570.5877158642,1.1294431905
3,540,37.6291608402,"[7, 3, 2, 1, 9, 9, 5, 0, 0, 6]",APS,pd,30,10,10,0.9500000000000001,10000,589.898225069,1.1291608402
3,555,37.6292565724,"[7, 3, 2, 1, 9, 9, 5, 0, 0, 6]",APS,pd,30,10,10,0.9500000000000001,10000,613.5437505245,1.1292565724
3,570,37.628892511,"[7, 3, 2, 1, 9, 9, 5, 0, 0, 6]",APS,pd,30,10,10,0.9500000000000001,10000,636.2808427811,1.128892511
3,585,37.6293528172,"[7, 3, 2, 1, 9, 9, 5, 0, 0, 6]",APS,pd,30,10,10,0.9500000000000001,10000,630.155585289,1.1293528172
3,600,37.6292637847,"[7, 3, 2, 1, 9, 9, 5, 0, 0, 6]",APS,pd,30,10,10,0.9500000000000001,10000,653.1496133804,1.1292637847
3,615,37.6293127659,"[7, 3, 2, 1, 9, 9, 5, 0, 0, 6]",APS,pd,30,10,10,0.9500000000000001,10000,652.7600915432,1.1293127659
3,630,37.6292038744,"[7, 3, 2, 1, 9, 9, 5, 0, 0, 6]",APS,pd,30,10,10,0.9500000000000001,10000,675.9346210957,1.1292038744
3,645,37.6292818444,"[7, 3, 2, 1, 9, 9, 5, 0, 0, 6]",APS,pd,30,10,10,0.9500000000000001,10000,687.4933686256,1.1292818444
3,660,37.6293785387,"[7, 3, 2, 1, 9, 9, 5, 0, 0, 6]",APS,pd,30,10,10,0.9500000000000001,10000,697.7674527168,1.1293785387
3,675,37.6286816655,"[7, 3, 2, 1, 9, 9, 5, 0, 0, 6]",APS,pd,30,10,10,0.9500000000000001,10000,723.6430096626,1.1286816655
3,690,37.6290829115,"[7, 3, 2, 1, 9, 9, 5, 0, 0, 6]",APS,pd,30,10,10,0.9500000000000001,10000,749.46560359,1.1290829115
3,705,37.6289707705,"[7, 3, 2, 1, 9, 9, 5, 0, 0, 6]",APS,pd,30,10,10,0.9500000000000001,10000,770.4165434837,1.1289707705
3,720,37.6294946827,"[7, 3, 2, 1, 9, 9, 5, 0, 0, 6]",APS,pd,30,10,10,0.9500000000000001,10000,766.4424641132,1.1294946827
3,735,37.6293920411,"[7, 3, 2, 1, 9, 9, 5, 0, 0, 6]",APS,pd,30,10,10,0.9500000000000001,10000,792.9843430519,1.1293920411
3,750,37.6293607448,"[7, 3, 2, 1, 9, 9, 5, 0, 0, 6]",APS,pd,30,10,10,0.9500000000000001,10000,818.289529562,1.1293607448
3,765,37.6291989947,"[7, 3, 2, 1, 9, 9, 5, 0, 0, 6]",APS,pd,30,10,10,0.9500000000000001,10000,814.7332773209,1.1291989947
3,780,37.6291559329,"[7, 3, 2, 1, 9, 9, 5, 0, 0, 6]",APS,pd,30,10,10,0.9500000000000001,10000,850.4683878422,1.1291559329
3,795,37.6292127814,"[7, 3, 2, 1, 9, 9, 5, 0, 0, 6]",APS,pd,30,10,10,0.9500000000000001,10000,859.9808928967,1.1292127814
3,810,37.6292359682,"[7, 3, 2, 1, 9, 9, 5, 0, 0, 6]",APS,pd,30,10,10,0.9500000000000001,10000,869.4708213806,1.1292359682
3,825,37.6297336786,"[7, 3, 2, 1, 9, 9, 5, 0, 0, 6]",APS,pd,30,10,10,0.9500000000000001,10000,894.5334682465,1.1297336786
3,840,37.6294778858,"[7, 3, 2, 1, 9, 9, 5, 0, 0, 6]",APS,pd,30,10,10,0.9500000000000001,10000,888.3210792542,1.1294778858
3,855,37.6292133467,"[7, 3, 2, 1, 9, 9, 5, 0, 0, 6]",APS,pd,30,10,10,0.9500000000000001,10000,910.7496299744,1.1292133467
3,870,37.6288136904,"[7, 3, 2, 1, 9, 9, 5, 0, 0, 6]",APS,pd,30,10,10,0.9500000000000001,10000,943.5394766331,1.1288136904
3,885,37.629468855,"[7, 3, 2, 1, 9, 9, 5, 0, 0, 6]",APS,pd,30,10,10,0.9500000000000001,10000,942.9089477062,1.129468855
3,900,37.629115449,"[7, 3, 2, 1, 9, 9, 5, 0, 0, 6]",APS,pd,30,10,10,0.9500000000000001,10000,965.6589794159,1.129115449
3,915,37.6292766235,"[7, 3, 2, 1, 9, 9, 5, 0, 0, 6]",APS,pd,30,10,10,0.9500000000000001,10000,961.2829301357,1.1292766235
3,930,37.6295260412,"[7, 3, 2, 1, 9, 9, 5, 0, 0, 6]",APS,pd,30,10,10,0.9500000000000001,10000,995.6781134605,1.1295260412
3,945,37.6294163337,"[7, 3, 2, 1, 9, 9, 5, 0, 0, 6]",APS,pd,30,10,10,0.9500000000000001,10000,1004.9497900009,1.1294163337
3,960,37.6297116711,"[7, 3, 2, 1, 9, 9, 5, 0, 0, 6]",APS,pd,30,10,10,0.9500000000000001,10000,1021.8275530338,1.1297116711
3,975,37.6293589452,"[7, 3, 2, 1, 9, 9, 5, 0, 0, 6]",APS,pd,30,10,10,0.9500000000000001,10000,1015.658002615,1.1293589452
3,990,37.6292522688,"[7, 3, 2, 1, 9, 9, 5, 0, 0, 6]",APS,pd,30,10,10,0.9500000000000001,10000,1045.8567004204,1.1292522688
3,1005,37.6293763554,"[7, 3, 2, 1, 9, 9, 5, 0, 0, 6]",APS,pd,30,10,10,0.9500000000000001,10000,1064.5661053658,1.1293763554
3,1020,37.6296190206,"[7, 3, 2, 1, 9, 9, 5, 0, 0, 6]",APS,pd,30,10,10,0.9500000000000001,10000,1060.3530535698,1.1296190206
3,1035,37.6293944408,"[7, 3, 2, 1, 9, 9, 5, 0, 0, 6]",APS,pd,30,10,10,0.9500000000000001,10000,1101.3230435848,1.1293944408
3,1050,37.6293727844,"[7, 3, 2, 1, 9, 9, 5, 0, 0, 6]",APS,pd,30,10,10,0.9500000000000001,10000,1122.0055878162,1.1293727844
3,1065,37.6293204069,"[7, 3, 2, 1, 9, 9, 5, 0, 0, 6]",APS,pd,30,10,10,0.9500000000000001,10000,1130.5597777367,1.1293204069
3,1080,37.6290009981,"[7, 3, 2, 1, 9, 9, 5, 0, 0, 6]",APS,pd,30,10,10,0.9500000000000001,10000,1117.642717123,1.1290009981
3,1095,37.6294941843,"[7, 3, 2, 1, 9, 9, 5, 0, 0, 6]",APS,pd,30,10,10,0.9500000000000001,10000,1166.9110138416,1.1294941843
3,1110,37.6291014866,"[7, 3, 2, 1, 9, 9, 5, 0, 0, 6]",APS,pd,30,10,10,0.9500000000000001,10000,1153.0741386414,1.1291014866
3,1125,37.629309539,"[7, 3, 2, 1, 9, 9, 5, 0, 0, 6]",APS,pd,30,10,10,0.9500000000000001,10000,1165.9458808899,1.129309539
3,1140,37.629122692,"[7, 3, 2, 1, 9, 9, 5, 0, 0, 6]",APS,pd,30,10,10,0.9500000000000001,10000,1179.7262980938,1.129122692
3,1155,37.6291341659,"[7, 3, 2, 1, 9, 9, 5, 0, 0, 6]",APS,pd,30,10,10,0.9500000000000001,10000,1230.9390256405,1.1291341659
3,1170,37.6293796722,"[7, 3, 2, 1, 9, 9, 5, 0, 0, 6]",APS,pd,30,10,10,0.9500000000000001,10000,1228.1447966099,1.1293796722
3,1185,37.6293771738,"[7, 3, 2, 1, 9, 9, 5, 0, 0, 6]",APS,pd,30,10,10,0.9500000000000001,10000,1223.0719296932,1.1293771738
3,1200,37.629360745,"[7, 3, 2, 1, 9, 9, 5, 0, 0, 6]",APS,pd,30,10,10,0.9500000000000001,10000,1245.0414652824,1.129360745
4,15,30.5918112843,"[6, 6, 7, 4, 9, 8, 6, 0, 0, 7]",APS,pd,30,10,10,0.9500000000000001,10000,52.8543701172,-5.9081887157
4,30,36.6450783225,"[2, 3, 2, 1, 9, 9, 5, 0, 0, 6]",APS,pd,30,10,10,0.9500000000000001,10000,72.5096230507,0.1450783225
4,45,35.5370088657,"[7, 0, 2, 1, 9, 9, 5, 0, 7, 6]",APS,pd,30,10,10,0.9500000000000001,10000,89.1490852833,-0.9629911343
4,60,36.6979940478,"[7, 3, 2, 1, 9, 9, 9, 0, 0, 6]",APS,pd,30,10,10,0.9500000000000001,10000,98.196249485,0.19799404780000002
4,75,37.6290006904,"[7, 3, 2, 1, 9, 9, 5, 0, 0, 6]",APS,pd,30,10,10,0.9500000000000001,10000,119.8463208675,1.1290006904
4,90,37.6293895493,"[7, 3, 2, 1, 9, 9, 5, 0, 0, 6]",APS,pd,30,10,10,0.9500000000000001,10000,131.5330221653,1.1293895493
4,105,37.6296890496,"[7, 3, 2, 1, 9, 9, 5, 0, 0, 6]",APS,pd,30,10,10,0.9500000000000001,10000,145.5036826134,1.1296890496
4,120,37.6290278696,"[7, 3, 2, 1, 9, 9, 5, 0, 0, 6]",APS,pd,30,10,10,0.9500000000000001,10000,158.0506415367,1.1290278696
4,135,37.6290912579,"[7, 3, 2, 1, 9, 9, 5, 0, 0, 6]",APS,pd,30,10,10,0.9500000000000001,10000,176.774520874,1.1290912579
4,150,37.6289493071,"[7, 3, 2, 1, 9, 9, 5, 0, 0, 6]",APS,pd,30,10,10,0.9500000000000001,10000,187.1875679493,1.1289493071
4,165,37.6292778626,"[7, 3, 2, 1, 9, 9, 5, 0, 0, 6]",APS,pd,30,10,10,0.9500000000000001,10000,204.4855175018,1.1292778626
4,180,37.6293527172,"[7, 3, 2, 1, 9, 9, 5, 0, 0, 6]",APS,pd,30,10,10,0.9500000000000001,10000,221.149102211,1.1293527172
4,195,37.6294544678,"[7, 3, 2, 1, 9, 9, 5, 0, 0, 6]",APS,pd,30,10,10,0.9500000000000001,10000,238.0502536297,1.1294544678
4,210,37.6293607896,"[7, 3, 2, 1, 9, 9, 5, 0, 0, 6]",APS,pd,30,10,10,0.9500000000000001,10000,260.9301202297,1.1293607896
4,225,37.6293757582,"[7, 3, 2, 1, 9, 9, 5, 0, 0, 6]",APS,pd,30,10,10,0.9500000000000001,10000,272.5343284607,1.1293757582
4,240,37.6291140596,"[7, 3, 2, 1, 9, 9, 5, 0, 0, 6]",APS,pd,30,10,10,0.9500000000000001,10000,295.3642098904,1.1291140596
4,255,37.6292232725,"[7, 3, 2, 1, 9, 9, 5, 0, 0, 6]",APS,pd,30,10,10,0.9500000000000001,10000,298.6919844151,1.1292232725
4,270,37.6291438246,"[7, 3, 2, 1, 9, 9, 5, 0, 0, 6]",APS,pd,30,10,10,0.9500000000000001,10000,315.2905194759,1.1291438246
4,285,37.6293588958,"[7, 3, 2, 1, 9, 9, 5, 0, 0, 6]",APS,pd,30,10,10,0.9500000000000001,10000,336.329618454,1.1293588958
4,300,37.6294184475,"[7, 3, 2, 1, 9, 9, 5, 0, 0, 6]",APS,pd,30,10,10,0.9500000000000001,10000,352.2225809097,1.1294184475
4,315,37.6289324294,"[7, 3, 2, 1, 9, 9, 5, 0, 0, 6]",APS,pd,30,10,10,0.9500000000000001,10000,367.1109735966,1.1289324294
4,330,37.6289675353,"[7, 3, 2, 1, 9, 9, 5, 0, 0, 6]",APS,pd,30,10,10,0.9500000000000001,10000,378.8296780586,1.1289675353
4,345,37.6290553127,"[7, 3, 2, 1, 9, 9, 5, 0, 0, 6]",APS,pd,30,10,10,0.9500000000000001,10000,383.7171268463,1.1290553127
4,360,37.6295425533,"[7, 3, 2, 1, 9, 9, 5, 0, 0, 6]",APS,pd,30,10,10,0.9500000000000001,10000,411.6936941147,1.1295425533
4,375,37.6291219083,"[7, 3, 2, 1, 9, 9, 5, 0, 0, 6]",APS,pd,30,10,10,0.9500000000000001,10000,432.5653789043,1.1291219083
4,390,37.6290956444,"[7, 3, 2, 1, 9, 9, 5, 0, 0, 6]",APS,pd,30,10,10,0.9500000000000001,10000,431.5458261967,1.1290956444
4,405,37.6295399176,"[7, 3, 2, 1, 9, 9, 5, 0, 0, 6]",APS,pd,30,10,10,0.9500000000000001,10000,459.6094939709,1.1295399176
4,420,37.6294826807,"[7, 3, 2, 1, 9, 9, 5, 0, 0, 6]",APS,pd,30,10,10,0.9500000000000001,10000,456.3969438076,1.1294826807
4,435,37.6290786785,"[7, 3, 2, 1, 9, 9, 5, 0, 0, 6]",APS,pd,30,10,10,0.9500000000000001,10000,479.6510071754,1.1290786785
4,450,37.6294236906,"[7, 3, 2, 1, 9, 9, 5, 0, 0, 6]",APS,pd,30,10,10,0.9500000000000001,10000,497.3024642467,1.1294236906
4,465,37.6290985852,"[7, 3, 2, 1, 9, 9, 5, 0, 0, 6]",APS,pd,30,10,10,0.9500000000000001,10000,518.0445182323,1.1290985852
4,480,37.6289577654,"[7, 3, 2, 1, 9, 9, 5, 0, 0, 6]",APS,pd,30,10,10,0.9500000000000001,10000,530.4509325027,1.1289577654
4,495,37.6294904372,"[7, 3, 2, 1, 9, 9, 5, 0, 0, 6]",APS,pd,30,10,10,0.9500000000000001,10000,538.9841282368,1.1294904372
4,510,37.6292523306,"[7, 3, 2, 1, 9, 9, 5, 0, 0, 6]",APS,pd,30,10,10,0.9500000000000001,10000,573.8061246872,1.1292523306
4,525,37.6293855111,"[7, 3, 2, 1, 9, 9, 5, 0, 0, 6]",APS,pd,30,10,10,0.9500000000000001,10000,569.1191399097,1.1293855111
4,540,37.6291251017,"[7, 3, 2, 1, 9, 9, 5, 0, 0, 6]",APS,pd,30,10,10,0.9500000000000001,10000,591.3188295364,1.1291251017
4,555,37.6291740222,"[7, 3, 2, 1, 9, 9, 5, 0, 0, 6]",APS,pd,30,10,10,0.9500000000000001,10000,599.9800860882,1.1291740222
4,570,37.6294758011,"[7, 3, 2, 1, 9, 9, 5, 0, 0, 6]",APS,pd,30,10,10,0.9500000000000001,10000,625.709751606,1.1294758011
4,585,37.6294214523,"[7, 3, 2, 1, 9, 9, 5, 0, 0, 6]",APS,pd,30,10,10,0.9500000000000001,10000,649.8847956657,1.1294214523
4,600,37.6291478918,"[7, 3, 2, 1, 9, 9, 5, 0, 0, 6]",APS,pd,30,10,10,0.9500000000000001,10000,641.6507761478,1.1291478918
4,615,37.6290513164,"[7, 3, 2, 1, 9, 9, 5, 0, 0, 6]",APS,pd,30,10,10,0.9500000000000001,10000,664.3022587299,1.1290513164
4,630,37.6291498676,"[7, 3, 2, 1, 9, 9, 5, 0, 0, 6]",APS,pd,30,10,10,0.9500000000000001,10000,680.1893179417,1.1291498676
4,645,37.6294874856,"[7, 3, 2, 1, 9, 9, 5, 0, 0, 6]",APS,pd,30,10,10,0.9500000000000001,10000,685.8521010876,1.1294874856
4,660,37.6291285313,"[7, 3, 2, 1, 9, 9, 5, 0, 0, 6]",APS,pd,30,10,10,0.9500000000000001,10000,727.252147913,1.1291285313000001
4,675,37.6296274559,"[7, 3, 2, 1, 9, 9, 5, 0, 0, 6]",APS,pd,30,10,10,0.9500000000000001,10000,726.1918320656,1.1296274559
4,690,37.6294275358,"[7, 3, 2, 1, 9, 9, 5, 0, 0, 6]",APS,pd,30,10,10,0.9500000000000001,10000,750.1661217213,1.1294275358
4,705,37.6295155604,"[7, 3, 2, 1, 9, 9, 5, 0, 0, 6]",APS,pd,30,10,10,0.9500000000000001,10000,759.2406284809,1.1295155604
4,720,37.6293028042,"[7, 3, 2, 1, 9, 9, 5, 0, 0, 6]",APS,pd,30,10,10,0.9500000000000001,10000,788.5532667637,1.1293028042
4,735,37.6291005858,"[7, 3, 2, 1, 9, 9, 5, 0, 0, 6]",APS,pd,30,10,10,0.9500000000000001,10000,778.6219632626,1.1291005858
4,750,37.629242543,"[7, 3, 2, 1, 9, 9, 5, 0, 0, 6]",APS,pd,30,10,10,0.9500000000000001,10000,802.9368391037,1.129242543
4,765,37.6293560094,"[7, 3, 2, 1, 9, 9, 5, 0, 0, 6]",APS,pd,30,10,10,0.9500000000000001,10000,836.1509623528,1.1293560094
4,780,37.629789241,"[7, 3, 2, 1, 9, 9, 5, 0, 0, 6]",APS,pd,30,10,10,0.9500000000000001,10000,844.0566265583,1.129789241
4,795,37.6293037138,"[7, 3, 2, 1, 9, 9, 5, 0, 0, 6]",APS,pd,30,10,10,0.9500000000000001,10000,857.9619824886,1.1293037138
4,810,37.6294801259,"[7, 3, 2, 1, 9, 9, 5, 0, 0, 6]",APS,pd,30,10,10,0.9500000000000001,10000,871.5379271507,1.1294801259
4,825,37.6292702266,"[7, 3, 2, 1, 9, 9, 5, 0, 0, 6]",APS,pd,30,10,10,0.9500000000000001,10000,866.0634758472,1.1292702266
4,840,37.6291814261,"[7, 3, 2, 1, 9, 9, 5, 0, 0, 6]",APS,pd,30,10,10,0.9500000000000001,10000,893.2215979099,1.1291814261
4,855,37.6291213851,"[7, 3, 2, 1, 9, 9, 5, 0, 0, 6]",APS,pd,30,10,10,0.9500000000000001,10000,902.3233151436,1.1291213851
4,870,37.6294819023,"[7, 3, 2, 1, 9, 9, 5, 0, 0, 6]",APS,pd,30,10,10,0.9500000000000001,10000,932.8027057648,1.1294819023
4,885,37.6290355865,"[7, 3, 2, 1, 9, 9, 5, 0, 0, 6]",APS,pd,30,10,10,0.9500000000000001,10000,925.1906802654,1.1290355865
4,900,37.6291862275,"[7, 3, 2, 1, 9, 9, 5, 0, 0, 6]",APS,pd,30,10,10,0.9500000000000001,10000,947.280456543,1.1291862275
4,915,37.6290454646,"[7, 3, 2, 1, 9, 9, 5, 0, 0, 6]",APS,pd,30,10,10,0.9500000000000001,10000,980.45596838,1.1290454645999999
4,930,37.6293000263,"[7, 3, 2, 1, 9, 9, 5, 0, 0, 6]",APS,pd,30,10,10,0.9500000000000001,10000,995.786557436,1.1293000263
4,945,37.6291230418,"[7, 3, 2, 1, 9, 9, 5, 0, 0, 6]",APS,pd,30,10,10,0.9500000000000001,10000,1009.0545995235,1.1291230418
4,960,37.6295676421,"[7, 3, 2, 1, 9, 9, 5, 0, 0, 6]",APS,pd,30,10,10,0.9500000000000001,10000,1023.1963572502,1.1295676421
4,975,37.6294724536,"[7, 3, 2, 1, 9, 9, 5, 0, 0, 6]",APS,pd,30,10,10,0.9500000000000001,10000,1015.2112731934,1.1294724536
4,990,37.6290002775,"[7, 3, 2, 1, 9, 9, 5, 0, 0, 6]",APS,pd,30,10,10,0.9500000000000001,10000,1052.5911693573,1.1290002775
4,1005,37.6292155992,"[7, 3, 2, 1, 9, 9, 5, 0, 0, 6]",APS,pd,30,10,10,0.9500000000000001,10000,1055.0165088177,1.1292155992
4,1020,37.6296823575,"[7, 3, 2, 1, 9, 9, 5, 0, 0, 6]",APS,pd,30,10,10,0.9500000000000001,10000,1079.4945595264,1.1296823575000001
4,1035,37.6291170028,"[7, 3, 2, 1, 9, 9, 5, 0, 0, 6]",APS,pd,30,10,10,0.9500000000000001,10000,1079.9562451839,1.1291170028
4,1050,37.6294459777,"[7, 3, 2, 1, 9, 9, 5, 0, 0, 6]",APS,pd,30,10,10,0.9500000000000001,10000,1106.8752470016,1.1294459777
4,1065,37.6295062059,"[7, 3, 2, 1, 9, 9, 5, 0, 0, 6]",APS,pd,30,10,10,0.9500000000000001,10000,1102.0638010502,1.1295062059
4,1080,37.6288348155,"[7, 3, 2, 1, 9, 9, 5, 0, 0, 6]",APS,pd,30,10,10,0.9500000000000001,10000,1116.0663080215,1.1288348155
4,1095,37.6295376731,"[7, 3, 2, 1, 9, 9, 5, 0, 0, 6]",APS,pd,30,10,10,0.9500000000000001,10000,1132.1985561848,1.1295376731
4,1110,37.6291494937,"[7, 3, 2, 1, 9, 9, 5, 0, 0, 6]",APS,pd,30,10,10,0.9500000000000001,10000,1186.0303416252,1.1291494937
4,1125,37.6287388574,"[7, 3, 2, 1, 9, 9, 5, 0, 0, 6]",APS,pd,30,10,10,0.9500000000000001,10000,1177.4435155392,1.1287388574000001
4,1140,37.6291923706,"[7, 3, 2, 1, 9, 9, 5, 0, 0, 6]",APS,pd,30,10,10,0.9500000000000001,10000,1214.169123888,1.1291923706
4,1155,37.6292316263,"[7, 3, 2, 1, 9, 9, 5, 0, 0, 6]",APS,pd,30,10,10,0.9500000000000001,10000,1227.838139534,1.1292316263
4,1170,37.6292545602,"[7, 3, 2, 1, 9, 9, 5, 0, 0, 6]",APS,pd,30,10,10,0.9500000000000001,10000,1225.9674704075,1.1292545602
4,1185,37.6291482671,"[7, 3, 2, 1, 9, 9, 5, 0, 0, 6]",APS,pd,30,10,10,0.9500000000000001,10000,1240.9794075489,1.1291482671
4,1200,37.6289812242,"[7, 3, 2, 1, 9, 9, 5, 0, 0, 6]",APS,pd,30,10,10,0.9500000000000001,10000,1269.2860224247,1.1289812242
5,15,32.4649601013,"[7, 5, 7, 1, 9, 9, 4, 9, 6, 6]",APS,pd,30,10,10,0.9500000000000001,10000,54.5278944969,-4.0350398987
5,30,31.2503908212,"[7, 3, 8, 1, 1, 7, 8, 8, 8, 6]",APS,pd,30,10,10,0.9500000000000001,10000,66.7083272934,-5.2496091788
5,45,36.8597881416,"[7, 3, 6, 1, 9, 9, 5, 0, 0, 6]",APS,pd,30,10,10,0.9500000000000001,10000,89.500893116,0.3597881416
5,60,36.573637973,"[7, 7, 2, 1, 9, 9, 5, 0, 0, 6]",APS,pd,30,10,10,0.9500000000000001,10000,101.0145905018,0.07363797300000001
5,75,37.6293234746,"[7, 3, 2, 1, 9, 9, 5, 0, 0, 6]",APS,pd,30,10,10,0.9500000000000001,10000,120.3983728886,1.1293234746
5,90,37.6290201029,"[7, 3, 2, 1, 9, 9, 5, 0, 0, 6]",APS,pd,30,10,10,0.9500000000000001,10000,135.5644865036,1.1290201029
5,105,37.6290077919,"[7, 3, 2, 1, 9, 9, 5, 0, 0, 6]",APS,pd,30,10,10,0.9500000000000001,10000,146.4812610149,1.1290077919
5,120,37.6290613389,"[7, 3, 2, 1, 9, 9, 5, 0, 0, 6]",APS,pd,30,10,10,0.9500000000000001,10000,158.2044284344,1.1290613389
5,135,37.6298895816,"[7, 3, 2, 1, 9, 9, 5, 0, 0, 6]",APS,pd,30,10,10,0.9500000000000001,10000,174.7765219212,1.1298895816
5,150,37.6292787891,"[7, 3, 2, 1, 9, 9, 5, 0, 0, 6]",APS,pd,30,10,10,0.9500000000000001,10000,189.3311185837,1.1292787891
5,165,37.6293599364,"[7, 3, 2, 1, 9, 9, 5, 0, 0, 6]",APS,pd,30,10,10,0.9500000000000001,10000,209.0934860706,1.1293599364
5,180,37.6293653981,"[7, 3, 2, 1, 9, 9, 5, 0, 0, 6]",APS,pd,30,10,10,0.9500000000000001,10000,220.8091967106,1.1293653981
5,195,37.6292950751,"[7, 3, 2, 1, 9, 9, 5, 0, 0, 6]",APS,pd,30,10,10,0.9500000000000001,10000,236.8160390854,1.1292950751
5,210,37.6289729771,"[7, 3, 2, 1, 9, 9, 5, 0, 0, 6]",APS,pd,30,10,10,0.9500000000000001,10000,259.9069991112,1.1289729771
5,225,37.6294094917,"[7, 3, 2, 1, 9, 9, 5, 0, 0, 6]",APS,pd,30,10,10,0.9500000000000001,10000,277.306987524,1.1294094917
5,240,37.6296466236,"[7, 3, 2, 1, 9, 9, 5, 0, 0, 6]",APS,pd,30,10,10,0.9500000000000001,10000,280.7895526886,1.1296466236
5,255,37.6290554818,"[7, 3, 2, 1, 9, 9, 5, 0, 0, 6]",APS,pd,30,10,10,0.9500000000000001,10000,297.7919056416,1.1290554818
5,270,37.6288936841,"[7, 3, 2, 1, 9, 9, 5, 0, 0, 6]",APS,pd,30,10,10,0.9500000000000001,10000,315.4593808651,1.1288936841
5,285,37.6288942612,"[7, 3, 2, 1, 9, 9, 5, 0, 0, 6]",APS,pd,30,10,10,0.9500000000000001,10000,335.4078252316,1.1288942612
5,300,37.6290709503,"[7, 3, 2, 1, 9, 9, 5, 0, 0, 6]",APS,pd,30,10,10,0.9500000000000001,10000,341.8683278561,1.1290709503
5,315,37.629363562099996,"[7, 3, 2, 1, 9, 9, 5, 0, 0, 6]",APS,pd,30,10,10,0.9500000000000001,10000,364.5933811665,1.1293635621
5,330,37.6295003656,"[7, 3, 2, 1, 9, 9, 5, 0, 0, 6]",APS,pd,30,10,10,0.9500000000000001,10000,385.6742880344,1.1295003656
5,345,37.6291939634,"[7, 3, 2, 1, 9, 9, 5, 0, 0, 6]",APS,pd,30,10,10,0.9500000000000001,10000,387.3714747429,1.1291939634000001
5,360,37.6292048572,"[7, 3, 2, 1, 9, 9, 5, 0, 0, 6]",APS,pd,30,10,10,0.9500000000000001,10000,413.5203614235,1.1292048572
5,375,37.629620114,"[7, 3, 2, 1, 9, 9, 5, 0, 0, 6]",APS,pd,30,10,10,0.9500000000000001,10000,431.2269587517,1.129620114
5,390,37.6294833801,"[7, 3, 2, 1, 9, 9, 5, 0, 0, 6]",APS,pd,30,10,10,0.9500000000000001,10000,430.4161732197,1.1294833801
5,405,37.629176481100004,"[7, 3, 2, 1, 9, 9, 5, 0, 0, 6]",APS,pd,30,10,10,0.9500000000000001,10000,456.181854248,1.1291764811
5,420,37.6293506757,"[7, 3, 2, 1, 9, 9, 5, 0, 0, 6]",APS,pd,30,10,10,0.9500000000000001,10000,479.8238289356,1.1293506757
5,435,37.628795431,"[7, 3, 2, 1, 9, 9, 5, 0, 0, 6]",APS,pd,30,10,10,0.9500000000000001,10000,489.0673770905,1.128795431
5,450,37.6289407528,"[7, 3, 2, 1, 9, 9, 5, 0, 0, 6]",APS,pd,30,10,10,0.9500000000000001,10000,500.8056371212,1.1289407528
5,465,37.629211997,"[7, 3, 2, 1, 9, 9, 5, 0, 0, 6]",APS,pd,30,10,10,0.9500000000000001,10000,516.0686998367,1.129211997
5,480,37.6286225305,"[7, 3, 2, 1, 9, 9, 5, 0, 0, 6]",APS,pd,30,10,10,0.9500000000000001,10000,536.6247184277,1.1286225305
5,495,37.6291263302,"[7, 3, 2, 1, 9, 9, 5, 0, 0, 6]",APS,pd,30,10,10,0.9500000000000001,10000,535.3767609596,1.1291263302
5,510,37.6292232196,"[7, 3, 2, 1, 9, 9, 5, 0, 0, 6]",APS,pd,30,10,10,0.9500000000000001,10000,569.4681823254,1.1292232196
5,525,37.6289186187,"[7, 3, 2, 1, 9, 9, 5, 0, 0, 6]",APS,pd,30,10,10,0.9500000000000001,10000,563.0892293453,1.1289186187
5,540,37.6292594779,"[7, 3, 2, 1, 9, 9, 5, 0, 0, 6]",APS,pd,30,10,10,0.9500000000000001,10000,587.0701520443,1.1292594779
5,555,37.6292953194,"[7, 3, 2, 1, 9, 9, 5, 0, 0, 6]",APS,pd,30,10,10,0.9500000000000001,10000,615.4010999203,1.1292953194
5,570,37.6295406122,"[7, 3, 2, 1, 9, 9, 5, 0, 0, 6]",APS,pd,30,10,10,0.9500000000000001,10000,611.345256567,1.1295406122
5,585,37.6295870424,"[7, 3, 2, 1, 9, 9, 5, 0, 0, 6]",APS,pd,30,10,10,0.9500000000000001,10000,628.183126688,1.1295870424
5,600,37.6293301692,"[7, 3, 2, 1, 9, 9, 5, 0, 0, 6]",APS,pd,30,10,10,0.9500000000000001,10000,639.6561744213,1.1293301692
5,615,37.6296754006,"[7, 3, 2, 1, 9, 9, 5, 0, 0, 6]",APS,pd,30,10,10,0.9500000000000001,10000,655.6918497086,1.1296754006
5,630,37.6292836628,"[7, 3, 2, 1, 9, 9, 5, 0, 0, 6]",APS,pd,30,10,10,0.9500000000000001,10000,682.1428761482,1.1292836628
5,645,37.6293217013,"[7, 3, 2, 1, 9, 9, 5, 0, 0, 6]",APS,pd,30,10,10,0.9500000000000001,10000,683.7492582798,1.1293217013
5,660,37.6290741315,"[7, 3, 2, 1, 9, 9, 5, 0, 0, 6]",APS,pd,30,10,10,0.9500000000000001,10000,716.2897691727,1.1290741315
5,675,37.6299742012,"[7, 3, 2, 1, 9, 9, 5, 0, 0, 6]",APS,pd,30,10,10,0.9500000000000001,10000,715.3322160244,1.1299742012
5,690,37.6291400317,"[7, 3, 2, 1, 9, 9, 5, 0, 0, 6]",APS,pd,30,10,10,0.9500000000000001,10000,737.7365374565,1.1291400317
5,705,37.6294755008,"[7, 3, 2, 1, 9, 9, 5, 0, 0, 6]",APS,pd,30,10,10,0.9500000000000001,10000,741.4956891537,1.1294755008
5,720,37.6292045598,"[7, 3, 2, 1, 9, 9, 5, 0, 0, 6]",APS,pd,30,10,10,0.9500000000000001,10000,770.7993662357,1.1292045598
5,735,37.6295359112,"[7, 3, 2, 1, 9, 9, 5, 0, 0, 6]",APS,pd,30,10,10,0.9500000000000001,10000,789.1070251465,1.1295359112
5,750,37.6296867747,"[7, 3, 2, 1, 9, 9, 5, 0, 0, 6]",APS,pd,30,10,10,0.9500000000000001,10000,803.3944253922,1.1296867747000001
5,765,37.6292361023,"[7, 3, 2, 1, 9, 9, 5, 0, 0, 6]",APS,pd,30,10,10,0.9500000000000001,10000,821.0925929546,1.1292361023
5,780,37.6294779279,"[7, 3, 2, 1, 9, 9, 5, 0, 0, 6]",APS,pd,30,10,10,0.9500000000000001,10000,848.3076455593,1.1294779279
5,795,37.629702003,"[7, 3, 2, 1, 9, 9, 5, 0, 0, 6]",APS,pd,30,10,10,0.9500000000000001,10000,856.5263683796,1.129702003
5,810,37.6291545432,"[7, 3, 2, 1, 9, 9, 5, 0, 0, 6]",APS,pd,30,10,10,0.9500000000000001,10000,862.1140441895,1.1291545432
5,825,37.6292927422,"[7, 3, 2, 1, 9, 9, 5, 0, 0, 6]",APS,pd,30,10,10,0.9500000000000001,10000,887.1943571568,1.1292927422
5,840,37.6289602007,"[7, 3, 2, 1, 9, 9, 5, 0, 0, 6]",APS,pd,30,10,10,0.9500000000000001,10000,876.4969460964,1.1289602007
5,855,37.6293401548,"[7, 3, 2, 1, 9, 9, 5, 0, 0, 6]",APS,pd,30,10,10,0.9500000000000001,10000,912.7688119411,1.1293401548
5,870,37.6294494125,"[7, 3, 2, 1, 9, 9, 5, 0, 0, 6]",APS,pd,30,10,10,0.9500000000000001,10000,908.1543815136,1.1294494125
5,885,37.629105205,"[7, 3, 2, 1, 9, 9, 5, 0, 0, 6]",APS,pd,30,10,10,0.9500000000000001,10000,935.3396925926,1.1291052050000001
5,900,37.6293443734,"[7, 3, 2, 1, 9, 9, 5, 0, 0, 6]",APS,pd,30,10,10,0.9500000000000001,10000,944.7428193092,1.1293443734
5,915,37.6292237046,"[7, 3, 2, 1, 9, 9, 5, 0, 0, 6]",APS,pd,30,10,10,0.9500000000000001,10000,968.3260288239,1.1292237046
5,930,37.6291685834,"[7, 3, 2, 1, 9, 9, 5, 0, 0, 6]",APS,pd,30,10,10,0.9500000000000001,10000,999.4642324448,1.1291685834
5,945,37.6292495125,"[7, 3, 2, 1, 9, 9, 5, 0, 0, 6]",APS,pd,30,10,10,0.9500000000000001,10000,1000.8525428772,1.1292495125
5,960,37.6292657611,"[7, 3, 2, 1, 9, 9, 5, 0, 0, 6]",APS,pd,30,10,10,0.9500000000000001,10000,1016.2993915081,1.1292657611
5,975,37.6293553795,"[7, 3, 2, 1, 9, 9, 5, 0, 0, 6]",APS,pd,30,10,10,0.9500000000000001,10000,1041.8700742722,1.1293553795
5,990,37.6290752192,"[7, 3, 2, 1, 9, 9, 5, 0, 0, 6]",APS,pd,30,10,10,0.9500000000000001,10000,1029.4852540493,1.1290752192
5,1005,37.6291049219,"[7, 3, 2, 1, 9, 9, 5, 0, 0, 6]",APS,pd,30,10,10,0.9500000000000001,10000,1071.2267243862,1.1291049219
5,1020,37.6288565246,"[7, 3, 2, 1, 9, 9, 5, 0, 0, 6]",APS,pd,30,10,10,0.9500000000000001,10000,1091.9032304287,1.1288565246
5,1035,37.6293868763,"[7, 3, 2, 1, 9, 9, 5, 0, 0, 6]",APS,pd,30,10,10,0.9500000000000001,10000,1090.1511850357,1.1293868763
5,1050,37.6294728506,"[7, 3, 2, 1, 9, 9, 5, 0, 0, 6]",APS,pd,30,10,10,0.9500000000000001,10000,1101.2813003063,1.1294728506
5,1065,37.6291567261,"[7, 3, 2, 1, 9, 9, 5, 0, 0, 6]",APS,pd,30,10,10,0.9500000000000001,10000,1123.6029801369,1.1291567261
5,1080,37.6293379132,"[7, 3, 2, 1, 9, 9, 5, 0, 0, 6]",APS,pd,30,10,10,0.9500000000000001,10000,1116.8291153908,1.1293379132
5,1095,37.6291823231,"[7, 3, 2, 1, 9, 9, 5, 0, 0, 6]",APS,pd,30,10,10,0.9500000000000001,10000,1165.868544817,1.1291823231
5,1110,37.6295027667,"[7, 3, 2, 1, 9, 9, 5, 0, 0, 6]",APS,pd,30,10,10,0.9500000000000001,10000,1182.6707231998,1.1295027667
5,1125,37.6292305929,"[7, 3, 2, 1, 9, 9, 5, 0, 0, 6]",APS,pd,30,10,10,0.9500000000000001,10000,1163.2140367031,1.1292305929
5,1140,37.6291069786,"[7, 3, 2, 1, 9, 9, 5, 0, 0, 6]",APS,pd,30,10,10,0.9500000000000001,10000,1190.332750082,1.1291069786
5,1155,37.6294966631,"[7, 3, 2, 1, 9, 9, 5, 0, 0, 6]",APS,pd,30,10,10,0.9500000000000001,10000,1233.3474061489,1.1294966631
5,1170,37.6292884381,"[7, 3, 2, 1, 9, 9, 5, 0, 0, 6]",APS,pd,30,10,10,0.9500000000000001,10000,1226.1933336258,1.1292884381000001
5,1185,37.6292682358,"[7, 3, 2, 1, 9, 9, 5, 0, 0, 6]",APS,pd,30,10,10,0.9500000000000001,10000,1262.4201850891,1.1292682358
5,1200,37.6293420533,"[7, 3, 2, 1, 9, 9, 5, 0, 0, 6]",APS,pd,30,10,10,0.9500000000000001,10000,1265.8493590355,1.1293420533
6,15,30.7654885841,"[3, 9, 7, 9, 6, 3, 6, 0, 0, 6]",APS,pd,30,10,10,0.9500000000000001,10000,52.6934990883,-5.7345114159
6,30,35.3012731516,"[7, 3, 9, 1, 9, 9, 5, 4, 0, 6]",APS,pd,30,10,10,0.9500000000000001,10000,72.093236208,-1.1987268484
6,45,36.5918331896,"[3, 3, 2, 1, 9, 9, 5, 0, 0, 6]",APS,pd,30,10,10,0.9500000000000001,10000,89.601287365,0.0918331896
6,60,36.6141777288,"[7, 4, 2, 1, 9, 9, 5, 0, 0, 6]",APS,pd,30,10,10,0.9500000000000001,10000,99.2993421555,0.1141777288
6,75,37.6290042167,"[7, 3, 2, 1, 9, 9, 5, 0, 0, 6]",APS,pd,30,10,10,0.9500000000000001,10000,120.8630259037,1.1290042167
6,90,37.629218225,"[7, 3, 2, 1, 9, 9, 5, 0, 0, 6]",APS,pd,30,10,10,0.9500000000000001,10000,131.4575679302,1.129218225
6,105,37.629259609,"[7, 3, 2, 1, 9, 9, 5, 0, 0, 6]",APS,pd,30,10,10,0.9500000000000001,10000,144.6820588112,1.129259609
6,120,37.6292428626,"[7, 3, 2, 1, 9, 9, 5, 0, 0, 6]",APS,pd,30,10,10,0.9500000000000001,10000,158.5594654083,1.1292428626
6,135,37.6291297041,"[7, 3, 2, 1, 9, 9, 5, 0, 0, 6]",APS,pd,30,10,10,0.9500000000000001,10000,172.8830420971,1.1291297041
6,150,37.6295446527,"[7, 3, 2, 1, 9, 9, 5, 0, 0, 6]",APS,pd,30,10,10,0.9500000000000001,10000,187.3196430206,1.1295446527
6,165,37.629005961,"[7, 3, 2, 1, 9, 9, 5, 0, 0, 6]",APS,pd,30,10,10,0.9500000000000001,10000,205.8896257877,1.129005961
6,180,37.6291894543,"[7, 3, 2, 1, 9, 9, 5, 0, 0, 6]",APS,pd,30,10,10,0.9500000000000001,10000,220.8838527203,1.1291894543
6,195,37.6290228229,"[7, 3, 2, 1, 9, 9, 5, 0, 0, 6]",APS,pd,30,10,10,0.9500000000000001,10000,236.8842740059,1.1290228229000001
6,210,37.6290986693,"[7, 3, 2, 1, 9, 9, 5, 0, 0, 6]",APS,pd,30,10,10,0.9500000000000001,10000,254.5185124874,1.1290986693
6,225,37.6289239345,"[7, 3, 2, 1, 9, 9, 5, 0, 0, 6]",APS,pd,30,10,10,0.9500000000000001,10000,272.4624433517,1.1289239345
6,240,37.6290232264,"[7, 3, 2, 1, 9, 9, 5, 0, 0, 6]",APS,pd,30,10,10,0.9500000000000001,10000,292.7739675045,1.1290232264
6,255,37.6291063334,"[7, 3, 2, 1, 9, 9, 5, 0, 0, 6]",APS,pd,30,10,10,0.9500000000000001,10000,296.774723053,1.1291063334
6,270,37.6288130005,"[7, 3, 2, 1, 9, 9, 5, 0, 0, 6]",APS,pd,30,10,10,0.9500000000000001,10000,313.3964130878,1.1288130005
6,285,37.6293912739,"[7, 3, 2, 1, 9, 9, 5, 0, 0, 6]",APS,pd,30,10,10,0.9500000000000001,10000,335.641917944,1.1293912739
6,300,37.6293979175,"[7, 3, 2, 1, 9, 9, 5, 0, 0, 6]",APS,pd,30,10,10,0.9500000000000001,10000,353.1153945923,1.1293979175
6,315,37.6296370557,"[7, 3, 2, 1, 9, 9, 5, 0, 0, 6]",APS,pd,30,10,10,0.9500000000000001,10000,356.9362876415,1.1296370557
6,330,37.6293015326,"[7, 3, 2, 1, 9, 9, 5, 0, 0, 6]",APS,pd,30,10,10,0.9500000000000001,10000,377.1470198631,1.1293015326
6,345,37.6289671855,"[7, 3, 2, 1, 9, 9, 5, 0, 0, 6]",APS,pd,30,10,10,0.9500000000000001,10000,396.0625054836,1.1289671855
6,360,37.6293266617,"[7, 3, 2, 1, 9, 9, 5, 0, 0, 6]",APS,pd,30,10,10,0.9500000000000001,10000,402.5250005722,1.1293266617
6,375,37.6291547719,"[7, 3, 2, 1, 9, 9, 5, 0, 0, 6]",APS,pd,30,10,10,0.9500000000000001,10000,430.0005371571,1.1291547719
6,390,37.6295464218,"[7, 3, 2, 1, 9, 9, 5, 0, 0, 6]",APS,pd,30,10,10,0.9500000000000001,10000,434.8558020592,1.1295464218
6,405,37.629453639,"[7, 3, 2, 1, 9, 9, 5, 0, 0, 6]",APS,pd,30,10,10,0.9500000000000001,10000,454.7127482891,1.129453639
6,420,37.6293757257,"[7, 3, 2, 1, 9, 9, 5, 0, 0, 6]",APS,pd,30,10,10,0.9500000000000001,10000,479.5176177025,1.1293757257
6,435,37.6290427861,"[7, 3, 2, 1, 9, 9, 5, 0, 0, 6]",APS,pd,30,10,10,0.9500000000000001,10000,470.3039975166,1.1290427861
6,450,37.6292810833,"[7, 3, 2, 1, 9, 9, 5, 0, 0, 6]",APS,pd,30,10,10,0.9500000000000001,10000,501.1465358734,1.1292810833
6,465,37.6289951567,"[7, 3, 2, 1, 9, 9, 5, 0, 0, 6]",APS,pd,30,10,10,0.9500000000000001,10000,505.207722187,1.1289951567
6,480,37.6294493792,"[7, 3, 2, 1, 9, 9, 5, 0, 0, 6]",APS,pd,30,10,10,0.9500000000000001,10000,531.8082475662,1.1294493792
6,495,37.6292959841,"[7, 3, 2, 1, 9, 9, 5, 0, 0, 6]",APS,pd,30,10,10,0.9500000000000001,10000,551.5546290874,1.1292959841
6,510,37.6291111405,"[7, 3, 2, 1, 9, 9, 5, 0, 0, 6]",APS,pd,30,10,10,0.9500000000000001,10000,558.5855717659,1.1291111405
6,525,37.6292807556,"[7, 3, 2, 1, 9, 9, 5, 0, 0, 6]",APS,pd,30,10,10,0.9500000000000001,10000,566.9036273956,1.1292807556
6,540,37.6292740799,"[7, 3, 2, 1, 9, 9, 5, 0, 0, 6]",APS,pd,30,10,10,0.9500000000000001,10000,597.084495306,1.1292740799
6,555,37.6292208194,"[7, 3, 2, 1, 9, 9, 5, 0, 0, 6]",APS,pd,30,10,10,0.9500000000000001,10000,599.2524297237,1.1292208194
6,570,37.6291296183,"[7, 3, 2, 1, 9, 9, 5, 0, 0, 6]",APS,pd,30,10,10,0.9500000000000001,10000,621.009444952,1.1291296183
6,585,37.62919595,"[7, 3, 2, 1, 9, 9, 5, 0, 0, 6]",APS,pd,30,10,10,0.9500000000000001,10000,639.7436022758,1.12919595
6,600,37.6294555123,"[7, 3, 2, 1, 9, 9, 5, 0, 0, 6]",APS,pd,30,10,10,0.9500000000000001,10000,643.8974993229,1.1294555123
6,615,37.6293114029,"[7, 3, 2, 1, 9, 9, 5, 0, 0, 6]",APS,pd,30,10,10,0.9500000000000001,10000,652.634458065,1.1293114029
6,630,37.6296467054,"[7, 3, 2, 1, 9, 9, 5, 0, 0, 6]",APS,pd,30,10,10,0.9500000000000001,10000,679.3002493382,1.1296467054
6,645,37.6294108113,"[7, 3, 2, 1, 9, 9, 5, 0, 0, 6]",APS,pd,30,10,10,0.9500000000000001,10000,701.7748692036,1.1294108113
6,660,37.6295227931,"[7, 3, 2, 1, 9, 9, 5, 0, 0, 6]",APS,pd,30,10,10,0.9500000000000001,10000,712.3047058582,1.1295227931
6,675,37.6293083508,"[7, 3, 2, 1, 9, 9, 5, 0, 0, 6]",APS,pd,30,10,10,0.9500000000000001,10000,724.1865544319,1.1293083508
6,690,37.6293636145,"[7, 3, 2, 1, 9, 9, 5, 0, 0, 6]",APS,pd,30,10,10,0.9500000000000001,10000,751.3099110126,1.1293636145
6,705,37.6294195313,"[7, 3, 2, 1, 9, 9, 5, 0, 0, 6]",APS,pd,30,10,10,0.9500000000000001,10000,760.4453251362,1.1294195313
6,720,37.6292622673,"[7, 3, 2, 1, 9, 9, 5, 0, 0, 6]",APS,pd,30,10,10,0.9500000000000001,10000,783.3742675781,1.1292622673000001
6,735,37.6294784878,"[7, 3, 2, 1, 9, 9, 5, 0, 0, 6]",APS,pd,30,10,10,0.9500000000000001,10000,798.2502894402,1.1294784878
6,750,37.6289126536,"[7, 3, 2, 1, 9, 9, 5, 0, 0, 6]",APS,pd,30,10,10,0.9500000000000001,10000,802.8787562847,1.1289126536
6,765,37.6293008822,"[7, 3, 2, 1, 9, 9, 5, 0, 0, 6]",APS,pd,30,10,10,0.9500000000000001,10000,815.0940904617,1.1293008822
6,780,37.6292608568,"[7, 3, 2, 1, 9, 9, 5, 0, 0, 6]",APS,pd,30,10,10,0.9500000000000001,10000,843.9542467594,1.1292608568
6,795,37.6293363837,"[7, 3, 2, 1, 9, 9, 5, 0, 0, 6]",APS,pd,30,10,10,0.9500000000000001,10000,834.7550053596,1.1293363837000001
6,810,37.629348387,"[7, 3, 2, 1, 9, 9, 5, 0, 0, 6]",APS,pd,30,10,10,0.9500000000000001,10000,848.3081440926,1.129348387
6,825,37.6298782853,"[7, 3, 2, 1, 9, 9, 5, 0, 0, 6]",APS,pd,30,10,10,0.9500000000000001,10000,894.4063904285,1.1298782853
6,840,37.6290972003,"[7, 3, 2, 1, 9, 9, 5, 0, 0, 6]",APS,pd,30,10,10,0.9500000000000001,10000,897.2182416916,1.1290972003
6,855,37.6289762626,"[7, 3, 2, 1, 9, 9, 5, 0, 0, 6]",APS,pd,30,10,10,0.9500000000000001,10000,899.614587307,1.1289762626
6,870,37.6291682328,"[7, 3, 2, 1, 9, 9, 5, 0, 0, 6]",APS,pd,30,10,10,0.9500000000000001,10000,930.9065594673,1.1291682328000001
6,885,37.6291646279,"[7, 3, 2, 1, 9, 9, 5, 0, 0, 6]",APS,pd,30,10,10,0.9500000000000001,10000,947.5871264935,1.1291646279
6,900,37.6291259529,"[7, 3, 2, 1, 9, 9, 5, 0, 0, 6]",APS,pd,30,10,10,0.9500000000000001,10000,953.6747395992,1.1291259529
6,915,37.6291755515,"[7, 3, 2, 1, 9, 9, 5, 0, 0, 6]",APS,pd,30,10,10,0.9500000000000001,10000,957.7628693581,1.1291755515
6,930,37.6293577685,"[7, 3, 2, 1, 9, 9, 5, 0, 0, 6]",APS,pd,30,10,10,0.9500000000000001,10000,992.514311552,1.1293577685
6,945,37.6293899823,"[7, 3, 2, 1, 9, 9, 5, 0, 0, 6]",APS,pd,30,10,10,0.9500000000000001,10000,982.8057053089,1.1293899823
6,960,37.6290894047,"[7, 3, 2, 1, 9, 9, 5, 0, 0, 6]",APS,pd,30,10,10,0.9500000000000001,10000,1034.6563687325,1.1290894047
6,975,37.6293411179,"[7, 3, 2, 1, 9, 9, 5, 0, 0, 6]",APS,pd,30,10,10,0.9500000000000001,10000,1013.2842867374,1.1293411179
6,990,37.6293482666,"[7, 3, 2, 1, 9, 9, 5, 0, 0, 6]",APS,pd,30,10,10,0.9500000000000001,10000,1051.6694209576,1.1293482666
6,1005,37.6291919448,"[7, 3, 2, 1, 9, 9, 5, 0, 0, 6]",APS,pd,30,10,10,0.9500000000000001,10000,1052.3029341698,1.1291919448
6,1020,37.6294283336,"[7, 3, 2, 1, 9, 9, 5, 0, 0, 6]",APS,pd,30,10,10,0.9500000000000001,10000,1083.8676342964,1.1294283336
6,1035,37.6294280412,"[7, 3, 2, 1, 9, 9, 5, 0, 0, 6]",APS,pd,30,10,10,0.9500000000000001,10000,1099.8223164082,1.1294280412
6,1050,37.6289269311,"[7, 3, 2, 1, 9, 9, 5, 0, 0, 6]",APS,pd,30,10,10,0.9500000000000001,10000,1116.4330732822,1.1289269311
6,1065,37.6291062055,"[7, 3, 2, 1, 9, 9, 5, 0, 0, 6]",APS,pd,30,10,10,0.9500000000000001,10000,1122.7233338356,1.1291062055
6,1080,37.629169496,"[7, 3, 2, 1, 9, 9, 5, 0, 0, 6]",APS,pd,30,10,10,0.9500000000000001,10000,1156.6656112671,1.129169496
6,1095,37.629834367,"[7, 3, 2, 1, 9, 9, 5, 0, 0, 6]",APS,pd,30,10,10,0.9500000000000001,10000,1149.5183181763,1.129834367
6,1110,37.6293097902,"[7, 3, 2, 1, 9, 9, 5, 0, 0, 6]",APS,pd,30,10,10,0.9500000000000001,10000,1159.0114552975,1.1293097902
6,1125,37.6295478257,"[7, 3, 2, 1, 9, 9, 5, 0, 0, 6]",APS,pd,30,10,10,0.9500000000000001,10000,1177.0403056145,1.1295478257
6,1140,37.6294483552,"[7, 3, 2, 1, 9, 9, 5, 0, 0, 6]",APS,pd,30,10,10,0.9500000000000001,10000,1211.5822396278,1.1294483552
6,1155,37.6292771573,"[7, 3, 2, 1, 9, 9, 5, 0, 0, 6]",APS,pd,30,10,10,0.9500000000000001,10000,1229.3705337048,1.1292771573
6,1170,37.6291844758,"[7, 3, 2, 1, 9, 9, 5, 0, 0, 6]",APS,pd,30,10,10,0.9500000000000001,10000,1211.9339148998,1.1291844758
6,1185,37.6294139088,"[7, 3, 2, 1, 9, 9, 5, 0, 0, 6]",APS,pd,30,10,10,0.9500000000000001,10000,1262.6629035473,1.1294139088
6,1200,37.6294501317,"[7, 3, 2, 1, 9, 9, 5, 0, 0, 6]",APS,pd,30,10,10,0.9500000000000001,10000,1249.1129419804,1.1294501317
7,15,29.7741099768,"[7, 8, 6, 5, 6, 5, 5, 6, 1, 5]",APS,pd,30,10,10,0.9500000000000001,10000,52.3845744133,-6.7258900232
7,30,35.2909919377,"[7, 3, 2, 1, 1, 6, 6, 0, 0, 6]",APS,pd,30,10,10,0.9500000000000001,10000,72.423153162,-1.2090080623000001
7,45,36.8994270274,"[7, 6, 2, 1, 9, 9, 5, 0, 0, 6]",APS,pd,30,10,10,0.9500000000000001,10000,89.4418053627,0.3994270274
7,60,36.6958411954,"[7, 3, 2, 1, 9, 0, 5, 0, 0, 6]",APS,pd,30,10,10,0.9500000000000001,10000,98.1064426899,0.1958411954
7,75,37.6288271927,"[7, 3, 2, 1, 9, 9, 5, 0, 0, 6]",APS,pd,30,10,10,0.9500000000000001,10000,120.2860226631,1.1288271927
7,90,37.6293598416,"[7, 3, 2, 1, 9, 9, 5, 0, 0, 6]",APS,pd,30,10,10,0.9500000000000001,10000,129.7046077251,1.1293598416
7,105,37.6294275639,"[7, 3, 2, 1, 9, 9, 5, 0, 0, 6]",APS,pd,30,10,10,0.9500000000000001,10000,144.1806159019,1.1294275639
7,120,37.6292490577,"[7, 3, 2, 1, 9, 9, 5, 0, 0, 6]",APS,pd,30,10,10,0.9500000000000001,10000,158.2236628532,1.1292490577
7,135,37.6292186124,"[7, 3, 2, 1, 9, 9, 5, 0, 0, 6]",APS,pd,30,10,10,0.9500000000000001,10000,171.6857941151,1.1292186124
7,150,37.6292640256,"[7, 3, 2, 1, 9, 9, 5, 0, 0, 6]",APS,pd,30,10,10,0.9500000000000001,10000,200.7496261597,1.1292640256
7,165,37.6290002784,"[7, 3, 2, 1, 9, 9, 5, 0, 0, 6]",APS,pd,30,10,10,0.9500000000000001,10000,201.5562036037,1.1290002784
7,180,37.6293121378,"[7, 3, 2, 1, 9, 9, 5, 0, 0, 6]",APS,pd,30,10,10,0.9500000000000001,10000,218.8871278763,1.1293121378
7,195,37.6293087369,"[7, 3, 2, 1, 9, 9, 5, 0, 0, 6]",APS,pd,30,10,10,0.9500000000000001,10000,239.4553451538,1.1293087369
7,210,37.6290577452,"[7, 3, 2, 1, 9, 9, 5, 0, 0, 6]",APS,pd,30,10,10,0.9500000000000001,10000,254.1015291214,1.1290577452
7,225,37.6292787263,"[7, 3, 2, 1, 9, 9, 5, 0, 0, 6]",APS,pd,30,10,10,0.9500000000000001,10000,269.9166879654,1.1292787263
7,240,37.6291806359,"[7, 3, 2, 1, 9, 9, 5, 0, 0, 6]",APS,pd,30,10,10,0.9500000000000001,10000,292.4339392185,1.1291806359
7,255,37.6292812216,"[7, 3, 2, 1, 9, 9, 5, 0, 0, 6]",APS,pd,30,10,10,0.9500000000000001,10000,293.2324004173,1.1292812215999999
7,270,37.6292625836,"[7, 3, 2, 1, 9, 9, 5, 0, 0, 6]",APS,pd,30,10,10,0.9500000000000001,10000,317.3449244499,1.1292625836
7,285,37.6291734605,"[7, 3, 2, 1, 9, 9, 5, 0, 0, 6]",APS,pd,30,10,10,0.9500000000000001,10000,339.1984219551,1.1291734605000001
7,300,37.6291216569,"[7, 3, 2, 1, 9, 9, 5, 0, 0, 6]",APS,pd,30,10,10,0.9500000000000001,10000,341.3291890621,1.1291216569
7,315,37.6292760493,"[7, 3, 2, 1, 9, 9, 5, 0, 0, 6]",APS,pd,30,10,10,0.9500000000000001,10000,354.3079411983,1.1292760493
7,330,37.6293566897,"[7, 3, 2, 1, 9, 9, 5, 0, 0, 6]",APS,pd,30,10,10,0.9500000000000001,10000,375.3576483727,1.1293566897
7,345,37.628882848800004,"[7, 3, 2, 1, 9, 9, 5, 0, 0, 6]",APS,pd,30,10,10,0.9500000000000001,10000,401.9490170479,1.1288828488
7,360,37.629525925,"[7, 3, 2, 1, 9, 9, 5, 0, 0, 6]",APS,pd,30,10,10,0.9500000000000001,10000,404.1423361301,1.129525925
7,375,37.6294187998,"[7, 3, 2, 1, 9, 9, 5, 0, 0, 6]",APS,pd,30,10,10,0.9500000000000001,10000,431.4805059433,1.1294187998
7,390,37.6292499397,"[7, 3, 2, 1, 9, 9, 5, 0, 0, 6]",APS,pd,30,10,10,0.9500000000000001,10000,432.7861995697,1.1292499397
7,405,37.6297286499,"[7, 3, 2, 1, 9, 9, 5, 0, 0, 6]",APS,pd,30,10,10,0.9500000000000001,10000,457.4029693604,1.1297286499
7,420,37.6287208175,"[7, 3, 2, 1, 9, 9, 5, 0, 0, 6]",APS,pd,30,10,10,0.9500000000000001,10000,458.8261065483,1.1287208175
7,435,37.6291032006,"[7, 3, 2, 1, 9, 9, 5, 0, 0, 6]",APS,pd,30,10,10,0.9500000000000001,10000,470.4713702202,1.1291032006
7,450,37.6291990804,"[7, 3, 2, 1, 9, 9, 5, 0, 0, 6]",APS,pd,30,10,10,0.9500000000000001,10000,505.4262149334,1.1291990804
7,465,37.6292195789,"[7, 3, 2, 1, 9, 9, 5, 0, 0, 6]",APS,pd,30,10,10,0.9500000000000001,10000,503.6646714211,1.1292195789
7,480,37.6292954637,"[7, 3, 2, 1, 9, 9, 5, 0, 0, 6]",APS,pd,30,10,10,0.9500000000000001,10000,528.0978963375,1.1292954637000001
7,495,37.6290607436,"[7, 3, 2, 1, 9, 9, 5, 0, 0, 6]",APS,pd,30,10,10,0.9500000000000001,10000,532.4312250614,1.1290607436
7,510,37.628986687,"[7, 3, 2, 1, 9, 9, 5, 0, 0, 6]",APS,pd,30,10,10,0.9500000000000001,10000,564.7282149792,1.128986687
7,525,37.6288501799,"[7, 3, 2, 1, 9, 9, 5, 0, 0, 6]",APS,pd,30,10,10,0.9500000000000001,10000,563.6822645664,1.1288501799
7,540,37.6295477499,"[7, 3, 2, 1, 9, 9, 5, 0, 0, 6]",APS,pd,30,10,10,0.9500000000000001,10000,599.0819797516,1.1295477499
7,555,37.6292948357,"[7, 3, 2, 1, 9, 9, 5, 0, 0, 6]",APS,pd,30,10,10,0.9500000000000001,10000,595.0817501545,1.1292948357
7,570,37.6292914882,"[7, 3, 2, 1, 9, 9, 5, 0, 0, 6]",APS,pd,30,10,10,0.9500000000000001,10000,634.1895067692,1.1292914882
7,585,37.6291053639,"[7, 3, 2, 1, 9, 9, 5, 0, 0, 6]",APS,pd,30,10,10,0.9500000000000001,10000,646.6522264481,1.1291053639
7,600,37.6292263483,"[7, 3, 2, 1, 9, 9, 5, 0, 0, 6]",APS,pd,30,10,10,0.9500000000000001,10000,648.8327481747,1.1292263483
7,615,37.6296200477,"[7, 3, 2, 1, 9, 9, 5, 0, 0, 6]",APS,pd,30,10,10,0.9500000000000001,10000,653.1226119995,1.1296200477
7,630,37.6289210736,"[7, 3, 2, 1, 9, 9, 5, 0, 0, 6]",APS,pd,30,10,10,0.9500000000000001,10000,686.9279661179,1.1289210736
7,645,37.6293899246,"[7, 3, 2, 1, 9, 9, 5, 0, 0, 6]",APS,pd,30,10,10,0.9500000000000001,10000,695.8210601807,1.1293899246
7,660,37.6296404044,"[7, 3, 2, 1, 9, 9, 5, 0, 0, 6]",APS,pd,30,10,10,0.9500000000000001,10000,704.0734951496,1.1296404044
7,675,37.6295668918,"[7, 3, 2, 1, 9, 9, 5, 0, 0, 6]",APS,pd,30,10,10,0.9500000000000001,10000,737.6760175228,1.1295668918
7,690,37.6290531729,"[7, 3, 2, 1, 9, 9, 5, 0, 0, 6]",APS,pd,30,10,10,0.9500000000000001,10000,742.9193048477,1.1290531729
7,705,37.6291472363,"[7, 3, 2, 1, 9, 9, 5, 0, 0, 6]",APS,pd,30,10,10,0.9500000000000001,10000,740.5462002754,1.1291472363
7,720,37.6295317083,"[7, 3, 2, 1, 9, 9, 5, 0, 0, 6]",APS,pd,30,10,10,0.9500000000000001,10000,788.5113017559,1.1295317083
7,735,37.6295715847,"[7, 3, 2, 1, 9, 9, 5, 0, 0, 6]",APS,pd,30,10,10,0.9500000000000001,10000,792.8430836201,1.1295715847
7,750,37.6289790807,"[7, 3, 2, 1, 9, 9, 5, 0, 0, 6]",APS,pd,30,10,10,0.9500000000000001,10000,799.3618392944,1.1289790807
7,765,37.629245343,"[7, 3, 2, 1, 9, 9, 5, 0, 0, 6]",APS,pd,30,10,10,0.9500000000000001,10000,808.4525692463,1.129245343
7,780,37.6293150755,"[7, 3, 2, 1, 9, 9, 5, 0, 0, 6]",APS,pd,30,10,10,0.9500000000000001,10000,835.0324378014,1.1293150755
7,795,37.6292493589,"[7, 3, 2, 1, 9, 9, 5, 0, 0, 6]",APS,pd,30,10,10,0.9500000000000001,10000,842.8571336269,1.1292493589
7,810,37.6292882199,"[7, 3, 2, 1, 9, 9, 5, 0, 0, 6]",APS,pd,30,10,10,0.9500000000000001,10000,849.5234439373,1.1292882199
7,825,37.6292012037,"[7, 3, 2, 1, 9, 9, 5, 0, 0, 6]",APS,pd,30,10,10,0.9500000000000001,10000,885.7890996933,1.1292012037
7,840,37.6294476888,"[7, 3, 2, 1, 9, 9, 5, 0, 0, 6]",APS,pd,30,10,10,0.9500000000000001,10000,896.7008674145,1.1294476888
7,855,37.6290344557,"[7, 3, 2, 1, 9, 9, 5, 0, 0, 6]",APS,pd,30,10,10,0.9500000000000001,10000,914.3787109852,1.1290344557
7,870,37.6291039704,"[7, 3, 2, 1, 9, 9, 5, 0, 0, 6]",APS,pd,30,10,10,0.9500000000000001,10000,930.3447725773,1.1291039704
7,885,37.6291901091,"[7, 3, 2, 1, 9, 9, 5, 0, 0, 6]",APS,pd,30,10,10,0.9500000000000001,10000,940.3965470791,1.1291901091
7,900,37.6293718353,"[7, 3, 2, 1, 9, 9, 5, 0, 0, 6]",APS,pd,30,10,10,0.9500000000000001,10000,937.8814251423,1.1293718353
7,915,37.6291651017,"[7, 3, 2, 1, 9, 9, 5, 0, 0, 6]",APS,pd,30,10,10,0.9500000000000001,10000,988.4279639721,1.1291651017
7,930,37.628872629,"[7, 3, 2, 1, 9, 9, 5, 0, 0, 6]",APS,pd,30,10,10,0.9500000000000001,10000,986.7235598564,1.128872629
7,945,37.629180518,"[7, 3, 2, 1, 9, 9, 5, 0, 0, 6]",APS,pd,30,10,10,0.9500000000000001,10000,990.1838438511,1.129180518
7,960,37.6292392313,"[7, 3, 2, 1, 9, 9, 5, 0, 0, 6]",APS,pd,30,10,10,0.9500000000000001,10000,999.6049852371,1.1292392313
7,975,37.6294260531,"[7, 3, 2, 1, 9, 9, 5, 0, 0, 6]",APS,pd,30,10,10,0.9500000000000001,10000,1038.7578575611,1.1294260531
7,990,37.6292354173,"[7, 3, 2, 1, 9, 9, 5, 0, 0, 6]",APS,pd,30,10,10,0.9500000000000001,10000,1044.3615787029,1.1292354173
7,1005,37.6290589257,"[7, 3, 2, 1, 9, 9, 5, 0, 0, 6]",APS,pd,30,10,10,0.9500000000000001,10000,1068.7640469074,1.1290589256999999
7,1020,37.6292752501,"[7, 3, 2, 1, 9, 9, 5, 0, 0, 6]",APS,pd,30,10,10,0.9500000000000001,10000,1091.7609183788,1.1292752501
7,1035,37.6298133943,"[7, 3, 2, 1, 9, 9, 5, 0, 0, 6]",APS,pd,30,10,10,0.9500000000000001,10000,1102.4958646297,1.1298133943
7,1050,37.6292424669,"[7, 3, 2, 1, 9, 9, 5, 0, 0, 6]",APS,pd,30,10,10,0.9500000000000001,10000,1096.7686123848,1.1292424669
7,1065,37.62915884,"[7, 3, 2, 1, 9, 9, 5, 0, 0, 6]",APS,pd,30,10,10,0.9500000000000001,10000,1116.5783231258,1.12915884
7,1080,37.6295031966,"[7, 3, 2, 1, 9, 9, 5, 0, 0, 6]",APS,pd,30,10,10,0.9500000000000001,10000,1143.7767720222,1.1295031966
7,1095,37.6294491226,"[7, 3, 2, 1, 9, 9, 5, 0, 0, 6]",APS,pd,30,10,10,0.9500000000000001,10000,1161.7824661732,1.1294491226
7,1110,37.6292444051,"[7, 3, 2, 1, 9, 9, 5, 0, 0, 6]",APS,pd,30,10,10,0.9500000000000001,10000,1173.0846312046,1.1292444051000001
7,1125,37.6295204887,"[7, 3, 2, 1, 9, 9, 5, 0, 0, 6]",APS,pd,30,10,10,0.9500000000000001,10000,1203.7598142624,1.1295204886999999
7,1140,37.6289151146,"[7, 3, 2, 1, 9, 9, 5, 0, 0, 6]",APS,pd,30,10,10,0.9500000000000001,10000,1213.9107534885,1.1289151146
7,1155,37.6290333587,"[7, 3, 2, 1, 9, 9, 5, 0, 0, 6]",APS,pd,30,10,10,0.9500000000000001,10000,1232.4410700798,1.1290333587
7,1170,37.629332413,"[7, 3, 2, 1, 9, 9, 5, 0, 0, 6]",APS,pd,30,10,10,0.9500000000000001,10000,1214.1820366383,1.129332413
7,1185,37.6292325861,"[7, 3, 2, 1, 9, 9, 5, 0, 0, 6]",APS,pd,30,10,10,0.9500000000000001,10000,1262.6187286377,1.1292325861
7,1200,37.6288703362,"[7, 3, 2, 1, 9, 9, 5, 0, 0, 6]",APS,pd,30,10,10,0.9500000000000001,10000,1260.5754446983,1.1288703362
8,15,31.2779730951,"[6, 3, 9, 4, 9, 9, 6, 8, 0, 9]",APS,pd,30,10,10,0.9500000000000001,10000,54.8346700668,-5.2220269049
8,30,33.6747868234,"[7, 7, 2, 1, 3, 9, 6, 7, 0, 6]",APS,pd,30,10,10,0.9500000000000001,10000,67.3627214432,-2.8252131766
8,45,35.2825367125,"[7, 3, 2, 1, 9, 9, 5, 0, 8, 9]",APS,pd,30,10,10,0.9500000000000001,10000,82.060839653,-1.2174632875
8,60,35.7216308893,"[9, 5, 2, 1, 9, 9, 5, 0, 0, 6]",APS,pd,30,10,10,0.9500000000000001,10000,99.6917948723,-0.7783691107
8,75,36.6226339257,"[8, 3, 2, 1, 9, 9, 5, 0, 0, 6]",APS,pd,30,10,10,0.9500000000000001,10000,112.2358217239,0.12263392570000001
8,90,37.6290721203,"[7, 3, 2, 1, 9, 9, 5, 0, 0, 6]",APS,pd,30,10,10,0.9500000000000001,10000,134.6286425591,1.1290721203
8,105,37.629724063,"[7, 3, 2, 1, 9, 9, 5, 0, 0, 6]",APS,pd,30,10,10,0.9500000000000001,10000,149.7371871471,1.129724063
8,120,37.6294612712,"[7, 3, 2, 1, 9, 9, 5, 0, 0, 6]",APS,pd,30,10,10,0.9500000000000001,10000,162.7932724953,1.1294612712
8,135,37.6292489791,"[7, 3, 2, 1, 9, 9, 5, 0, 0, 6]",APS,pd,30,10,10,0.9500000000000001,10000,179.781819582,1.1292489791
8,150,37.6295427063,"[7, 3, 2, 1, 9, 9, 5, 0, 0, 6]",APS,pd,30,10,10,0.9500000000000001,10000,191.2136378288,1.1295427063
8,165,37.62951398,"[7, 3, 2, 1, 9, 9, 5, 0, 0, 6]",APS,pd,30,10,10,0.9500000000000001,10000,210.0263798237,1.12951398
8,180,37.6292668578,"[7, 3, 2, 1, 9, 9, 5, 0, 0, 6]",APS,pd,30,10,10,0.9500000000000001,10000,226.5387024879,1.1292668578
8,195,37.6297184479,"[7, 3, 2, 1, 9, 9, 5, 0, 0, 6]",APS,pd,30,10,10,0.9500000000000001,10000,248.3011615276,1.1297184479
8,210,37.6292830201,"[7, 3, 2, 1, 9, 9, 5, 0, 0, 6]",APS,pd,30,10,10,0.9500000000000001,10000,259.8593404293,1.1292830201
8,225,37.6293692063,"[7, 3, 2, 1, 9, 9, 5, 0, 0, 6]",APS,pd,30,10,10,0.9500000000000001,10000,264.1443109512,1.1293692063
8,240,37.6294028322,"[7, 3, 2, 1, 9, 9, 5, 0, 0, 6]",APS,pd,30,10,10,0.9500000000000001,10000,282.2010598183,1.1294028322
8,255,37.6288955336,"[7, 3, 2, 1, 9, 9, 5, 0, 0, 6]",APS,pd,30,10,10,0.9500000000000001,10000,301.2690172195,1.1288955336
8,270,37.6295926211,"[7, 3, 2, 1, 9, 9, 5, 0, 0, 6]",APS,pd,30,10,10,0.9500000000000001,10000,328.9636952877,1.1295926211
8,285,37.6293113849,"[7, 3, 2, 1, 9, 9, 5, 0, 0, 6]",APS,pd,30,10,10,0.9500000000000001,10000,329.077193737,1.1293113849
8,300,37.6294814383,"[7, 3, 2, 1, 9, 9, 5, 0, 0, 6]",APS,pd,30,10,10,0.9500000000000001,10000,353.4194648266,1.1294814383
8,315,37.6293360138,"[7, 3, 2, 1, 9, 9, 5, 0, 0, 6]",APS,pd,30,10,10,0.9500000000000001,10000,363.8936238289,1.1293360138
8,330,37.6294354455,"[7, 3, 2, 1, 9, 9, 5, 0, 0, 6]",APS,pd,30,10,10,0.9500000000000001,10000,370.114048481,1.1294354455
8,345,37.6294297827,"[7, 3, 2, 1, 9, 9, 5, 0, 0, 6]",APS,pd,30,10,10,0.9500000000000001,10000,391.5222997665,1.1294297827
8,360,37.62974596,"[7, 3, 2, 1, 9, 9, 5, 0, 0, 6]",APS,pd,30,10,10,0.9500000000000001,10000,419.9198892117,1.12974596
8,375,37.628947833,"[7, 3, 2, 1, 9, 9, 5, 0, 0, 6]",APS,pd,30,10,10,0.9500000000000001,10000,413.0472416878,1.128947833
8,390,37.6295486532,"[7, 3, 2, 1, 9, 9, 5, 0, 0, 6]",APS,pd,30,10,10,0.9500000000000001,10000,446.7955219746,1.1295486532
8,405,37.6297092669,"[7, 3, 2, 1, 9, 9, 5, 0, 0, 6]",APS,pd,30,10,10,0.9500000000000001,10000,461.062407732,1.1297092669
8,420,37.6291841737,"[7, 3, 2, 1, 9, 9, 5, 0, 0, 6]",APS,pd,30,10,10,0.9500000000000001,10000,469.9893050194,1.1291841737000001
8,435,37.6294394663,"[7, 3, 2, 1, 9, 9, 5, 0, 0, 6]",APS,pd,30,10,10,0.9500000000000001,10000,492.5853412151,1.1294394663
8,450,37.6295389261,"[7, 3, 2, 1, 9, 9, 5, 0, 0, 6]",APS,pd,30,10,10,0.9500000000000001,10000,498.7969584465,1.1295389261
8,465,37.6294699214,"[7, 3, 2, 1, 9, 9, 5, 0, 0, 6]",APS,pd,30,10,10,0.9500000000000001,10000,515.5906970501,1.1294699214
8,480,37.6294750629,"[7, 3, 2, 1, 9, 9, 5, 0, 0, 6]",APS,pd,30,10,10,0.9500000000000001,10000,525.0157792568,1.1294750629
8,495,37.6294403928,"[7, 3, 2, 1, 9, 9, 5, 0, 0, 6]",APS,pd,30,10,10,0.9500000000000001,10000,548.1713268757,1.1294403928
8,510,37.6289170091,"[7, 3, 2, 1, 9, 9, 5, 0, 0, 6]",APS,pd,30,10,10,0.9500000000000001,10000,554.0848915577,1.1289170091
8,525,37.6289174811,"[7, 3, 2, 1, 9, 9, 5, 0, 0, 6]",APS,pd,30,10,10,0.9500000000000001,10000,569.8970944881,1.1289174811
8,540,37.6292140372,"[7, 3, 2, 1, 9, 9, 5, 0, 0, 6]",APS,pd,30,10,10,0.9500000000000001,10000,585.3534142971,1.1292140372
8,555,37.62928031,"[7, 3, 2, 1, 9, 9, 5, 0, 0, 6]",APS,pd,30,10,10,0.9500000000000001,10000,597.281642437,1.12928031
8,570,37.6294713119,"[7, 3, 2, 1, 9, 9, 5, 0, 0, 6]",APS,pd,30,10,10,0.9500000000000001,10000,614.6340448856,1.1294713119
8,585,37.6292716198,"[7, 3, 2, 1, 9, 9, 5, 0, 0, 6]",APS,pd,30,10,10,0.9500000000000001,10000,633.3287684917,1.1292716198
8,600,37.6294029503,"[7, 3, 2, 1, 9, 9, 5, 0, 0, 6]",APS,pd,30,10,10,0.9500000000000001,10000,644.0388083458,1.1294029503
8,615,37.6295031105,"[7, 3, 2, 1, 9, 9, 5, 0, 0, 6]",APS,pd,30,10,10,0.9500000000000001,10000,662.285063982,1.1295031105
8,630,37.6293722122,"[7, 3, 2, 1, 9, 9, 5, 0, 0, 6]",APS,pd,30,10,10,0.9500000000000001,10000,673.0877039433,1.1293722122
8,645,37.6290451803,"[7, 3, 2, 1, 9, 9, 5, 0, 0, 6]",APS,pd,30,10,10,0.9500000000000001,10000,701.7407329082,1.1290451803
8,660,37.6292225901,"[7, 3, 2, 1, 9, 9, 5, 0, 0, 6]",APS,pd,30,10,10,0.9500000000000001,10000,710.4213190079,1.1292225901
8,675,37.6294679828,"[7, 3, 2, 1, 9, 9, 5, 0, 0, 6]",APS,pd,30,10,10,0.9500000000000001,10000,726.1697390079,1.1294679828
8,690,37.6290728518,"[7, 3, 2, 1, 9, 9, 5, 0, 0, 6]",APS,pd,30,10,10,0.9500000000000001,10000,748.0443780422,1.1290728518
8,705,37.6296759114,"[7, 3, 2, 1, 9, 9, 5, 0, 0, 6]",APS,pd,30,10,10,0.9500000000000001,10000,758.0075263977,1.1296759114000001
8,720,37.6292619455,"[7, 3, 2, 1, 9, 9, 5, 0, 0, 6]",APS,pd,30,10,10,0.9500000000000001,10000,778.9148936272,1.1292619455
8,735,37.629204827,"[7, 3, 2, 1, 9, 9, 5, 0, 0, 6]",APS,pd,30,10,10,0.9500000000000001,10000,797.2153320312,1.129204827
8,750,37.6295403826,"[7, 3, 2, 1, 9, 9, 5, 0, 0, 6]",APS,pd,30,10,10,0.9500000000000001,10000,806.5032725334,1.1295403826000001
8,765,37.6293225988,"[7, 3, 2, 1, 9, 9, 5, 0, 0, 6]",APS,pd,30,10,10,0.9500000000000001,10000,827.5678944588,1.1293225988
8,780,37.6289537171,"[7, 3, 2, 1, 9, 9, 5, 0, 0, 6]",APS,pd,30,10,10,0.9500000000000001,10000,842.5043680668,1.1289537171
8,795,37.6291109151,"[7, 3, 2, 1, 9, 9, 5, 0, 0, 6]",APS,pd,30,10,10,0.9500000000000001,10000,837.2488744259,1.1291109151
8,810,37.629383985,"[7, 3, 2, 1, 9, 9, 5, 0, 0, 6]",APS,pd,30,10,10,0.9500000000000001,10000,846.0833337307,1.129383985
8,825,37.6293970242,"[7, 3, 2, 1, 9, 9, 5, 0, 0, 6]",APS,pd,30,10,10,0.9500000000000001,10000,893.6252675056,1.1293970242
8,840,37.6292942925,"[7, 3, 2, 1, 9, 9, 5, 0, 0, 6]",APS,pd,30,10,10,0.9500000000000001,10000,910.3133368492,1.1292942925
8,855,37.6295897635,"[7, 3, 2, 1, 9, 9, 5, 0, 0, 6]",APS,pd,30,10,10,0.9500000000000001,10000,919.7743835449,1.1295897635
8,870,37.6297553404,"[7, 3, 2, 1, 9, 9, 5, 0, 0, 6]",APS,pd,30,10,10,0.9500000000000001,10000,940.0549514294,1.1297553404
8,885,37.6291677054,"[7, 3, 2, 1, 9, 9, 5, 0, 0, 6]",APS,pd,30,10,10,0.9500000000000001,10000,951.3930191994,1.1291677054
8,900,37.6293705386,"[7, 3, 2, 1, 9, 9, 5, 0, 0, 6]",APS,pd,30,10,10,0.9500000000000001,10000,970.1872134209,1.1293705386
8,915,37.6292031968,"[7, 3, 2, 1, 9, 9, 5, 0, 0, 6]",APS,pd,30,10,10,0.9500000000000001,10000,951.7450046539,1.1292031968
8,930,37.6291945361,"[7, 3, 2, 1, 9, 9, 5, 0, 0, 6]",APS,pd,30,10,10,0.9500000000000001,10000,968.4006521702,1.1291945361
8,945,37.6290413221,"[7, 3, 2, 1, 9, 9, 5, 0, 0, 6]",APS,pd,30,10,10,0.9500000000000001,10000,992.0494921207,1.1290413221
8,960,37.6290735639,"[7, 3, 2, 1, 9, 9, 5, 0, 0, 6]",APS,pd,30,10,10,0.9500000000000001,10000,1003.0165231228,1.1290735639
8,975,37.6288813254,"[7, 3, 2, 1, 9, 9, 5, 0, 0, 6]",APS,pd,30,10,10,0.9500000000000001,10000,1025.0913410187,1.1288813254
8,990,37.6292468523,"[7, 3, 2, 1, 9, 9, 5, 0, 0, 6]",APS,pd,30,10,10,0.9500000000000001,10000,1047.0464112759,1.1292468523
8,1005,37.6290005478,"[7, 3, 2, 1, 9, 9, 5, 0, 0, 6]",APS,pd,30,10,10,0.9500000000000001,10000,1051.782428503,1.1290005478
8,1020,37.6291470907,"[7, 3, 2, 1, 9, 9, 5, 0, 0, 6]",APS,pd,30,10,10,0.9500000000000001,10000,1081.8079204559,1.1291470907
8,1035,37.6291468008,"[7, 3, 2, 1, 9, 9, 5, 0, 0, 6]",APS,pd,30,10,10,0.9500000000000001,10000,1076.7296552658,1.1291468008
8,1050,37.629391147,"[7, 3, 2, 1, 9, 9, 5, 0, 0, 6]",APS,pd,30,10,10,0.9500000000000001,10000,1126.2420661449,1.129391147
8,1065,37.6291599323,"[7, 3, 2, 1, 9, 9, 5, 0, 0, 6]",APS,pd,30,10,10,0.9500000000000001,10000,1108.153342247,1.1291599323
8,1080,37.6292460831,"[7, 3, 2, 1, 9, 9, 5, 0, 0, 6]",APS,pd,30,10,10,0.9500000000000001,10000,1119.6409811974,1.1292460831
8,1095,37.6293239791,"[7, 3, 2, 1, 9, 9, 5, 0, 0, 6]",APS,pd,30,10,10,0.9500000000000001,10000,1161.4082136154,1.1293239791
8,1110,37.6292220817,"[7, 3, 2, 1, 9, 9, 5, 0, 0, 6]",APS,pd,30,10,10,0.9500000000000001,10000,1170.8293302059,1.1292220817
8,1125,37.6292189223,"[7, 3, 2, 1, 9, 9, 5, 0, 0, 6]",APS,pd,30,10,10,0.9500000000000001,10000,1182.4075961113,1.1292189223
8,1140,37.6291590113,"[7, 3, 2, 1, 9, 9, 5, 0, 0, 6]",APS,pd,30,10,10,0.9500000000000001,10000,1213.7347178459,1.1291590113
8,1155,37.6296508715,"[7, 3, 2, 1, 9, 9, 5, 0, 0, 6]",APS,pd,30,10,10,0.9500000000000001,10000,1229.8802335262,1.1296508715
8,1170,37.6295138088,"[7, 3, 2, 1, 9, 9, 5, 0, 0, 6]",APS,pd,30,10,10,0.9500000000000001,10000,1215.5514690876,1.1295138088
8,1185,37.6295404715,"[7, 3, 2, 1, 9, 9, 5, 0, 0, 6]",APS,pd,30,10,10,0.9500000000000001,10000,1246.4694163799,1.1295404715
8,1200,37.6290377239,"[7, 3, 2, 1, 9, 9, 5, 0, 0, 6]",APS,pd,30,10,10,0.9500000000000001,10000,1262.8640134335,1.1290377239
9,15,31.7362608228,"[3, 4, 1, 1, 9, 8, 7, 9, 0, 6]",APS,pd,30,10,10,0.9500000000000001,10000,52.934717655200004,-4.7637391772
9,30,35.9506274716,"[7, 6, 8, 1, 9, 9, 5, 0, 0, 6]",APS,pd,30,10,10,0.9500000000000001,10000,72.0372555256,-0.5493725284000001
9,45,37.6292121445,"[7, 3, 2, 1, 9, 9, 5, 0, 0, 6]",APS,pd,30,10,10,0.9500000000000001,10000,89.2885189056,1.1292121445
9,60,35.8018616977,"[7, 0, 2, 6, 9, 9, 5, 0, 0, 6]",APS,pd,30,10,10,0.9500000000000001,10000,98.6234209538,-0.6981383023000001
9,75,37.6299644147,"[7, 3, 2, 1, 9, 9, 5, 0, 0, 6]",APS,pd,30,10,10,0.9500000000000001,10000,111.7237048149,1.1299644147
9,90,37.6290149899,"[7, 3, 2, 1, 9, 9, 5, 0, 0, 6]",APS,pd,30,10,10,0.9500000000000001,10000,132.8009910583,1.1290149899
9,105,37.6292172868,"[7, 3, 2, 1, 9, 9, 5, 0, 0, 6]",APS,pd,30,10,10,0.9500000000000001,10000,144.4978334904,1.1292172867999999
9,120,37.6290094281,"[7, 3, 2, 1, 9, 9, 5, 0, 0, 6]",APS,pd,30,10,10,0.9500000000000001,10000,158.3955709934,1.1290094281
9,135,37.6291130942,"[7, 3, 2, 1, 9, 9, 5, 0, 0, 6]",APS,pd,30,10,10,0.9500000000000001,10000,183.7285225391,1.1291130942
9,150,37.629510027,"[7, 3, 2, 1, 9, 9, 5, 0, 0, 6]",APS,pd,30,10,10,0.9500000000000001,10000,187.8907363415,1.129510027
9,165,37.6292748596,"[7, 3, 2, 1, 9, 9, 5, 0, 0, 6]",APS,pd,30,10,10,0.9500000000000001,10000,201.7892725468,1.1292748596
9,180,37.6291682284,"[7, 3, 2, 1, 9, 9, 5, 0, 0, 6]",APS,pd,30,10,10,0.9500000000000001,10000,218.4142692089,1.1291682284
9,195,37.6292700527,"[7, 3, 2, 1, 9, 9, 5, 0, 0, 6]",APS,pd,30,10,10,0.9500000000000001,10000,232.596429348,1.1292700527
9,210,37.6290936661,"[7, 3, 2, 1, 9, 9, 5, 0, 0, 6]",APS,pd,30,10,10,0.9500000000000001,10000,251.7187902927,1.1290936661
9,225,37.6294627682,"[7, 3, 2, 1, 9, 9, 5, 0, 0, 6]",APS,pd,30,10,10,0.9500000000000001,10000,274.0799181461,1.1294627682
9,240,37.6295404779,"[7, 3, 2, 1, 9, 9, 5, 0, 0, 6]",APS,pd,30,10,10,0.9500000000000001,10000,293.8607780933,1.1295404779
9,255,37.6292132291,"[7, 3, 2, 1, 9, 9, 5, 0, 0, 6]",APS,pd,30,10,10,0.9500000000000001,10000,291.1428096294,1.1292132290999999
9,270,37.628985631,"[7, 3, 2, 1, 9, 9, 5, 0, 0, 6]",APS,pd,30,10,10,0.9500000000000001,10000,316.1255335808,1.128985631
9,285,37.6287705656,"[7, 3, 2, 1, 9, 9, 5, 0, 0, 6]",APS,pd,30,10,10,0.9500000000000001,10000,329.2829670906,1.1287705656
9,300,37.6293875771,"[7, 3, 2, 1, 9, 9, 5, 0, 0, 6]",APS,pd,30,10,10,0.9500000000000001,10000,351.9682750702,1.1293875771
9,315,37.6289955189,"[7, 3, 2, 1, 9, 9, 5, 0, 0, 6]",APS,pd,30,10,10,0.9500000000000001,10000,372.3007688522,1.1289955189
9,330,37.6293718604,"[7, 3, 2, 1, 9, 9, 5, 0, 0, 6]",APS,pd,30,10,10,0.9500000000000001,10000,381.6347372532,1.1293718604
9,345,37.6291275221,"[7, 3, 2, 1, 9, 9, 5, 0, 0, 6]",APS,pd,30,10,10,0.9500000000000001,10000,380.7670109272,1.1291275221000001
9,360,37.6291963372,"[7, 3, 2, 1, 9, 9, 5, 0, 0, 6]",APS,pd,30,10,10,0.9500000000000001,10000,400.4964129925,1.1291963372
9,375,37.6293989127,"[7, 3, 2, 1, 9, 9, 5, 0, 0, 6]",APS,pd,30,10,10,0.9500000000000001,10000,430.5152931213,1.1293989127
9,390,37.6293768005,"[7, 3, 2, 1, 9, 9, 5, 0, 0, 6]",APS,pd,30,10,10,0.9500000000000001,10000,432.0451724529,1.1293768005
9,405,37.6291685107,"[7, 3, 2, 1, 9, 9, 5, 0, 0, 6]",APS,pd,30,10,10,0.9500000000000001,10000,449.3899207115,1.1291685107
9,420,37.6293493314,"[7, 3, 2, 1, 9, 9, 5, 0, 0, 6]",APS,pd,30,10,10,0.9500000000000001,10000,471.0795509815,1.1293493314
9,435,37.6292606987,"[7, 3, 2, 1, 9, 9, 5, 0, 0, 6]",APS,pd,30,10,10,0.9500000000000001,10000,471.849527359,1.1292606987
9,450,37.6291476787,"[7, 3, 2, 1, 9, 9, 5, 0, 0, 6]",APS,pd,30,10,10,0.9500000000000001,10000,495.4575138092,1.1291476787
9,465,37.6294295367,"[7, 3, 2, 1, 9, 9, 5, 0, 0, 6]",APS,pd,30,10,10,0.9500000000000001,10000,514.0092179775,1.1294295367
9,480,37.6293385999,"[7, 3, 2, 1, 9, 9, 5, 0, 0, 6]",APS,pd,30,10,10,0.9500000000000001,10000,536.4917395115,1.1293385999
9,495,37.629127068,"[7, 3, 2, 1, 9, 9, 5, 0, 0, 6]",APS,pd,30,10,10,0.9500000000000001,10000,535.7561943531,1.129127068
9,510,37.6293368624,"[7, 3, 2, 1, 9, 9, 5, 0, 0, 6]",APS,pd,30,10,10,0.9500000000000001,10000,556.2003366947,1.1293368624
9,525,37.6290217027,"[7, 3, 2, 1, 9, 9, 5, 0, 0, 6]",APS,pd,30,10,10,0.9500000000000001,10000,562.2079739571,1.1290217027
9,540,37.6290809524,"[7, 3, 2, 1, 9, 9, 5, 0, 0, 6]",APS,pd,30,10,10,0.9500000000000001,10000,596.0759549141,1.1290809524
9,555,37.6292061927,"[7, 3, 2, 1, 9, 9, 5, 0, 0, 6]",APS,pd,30,10,10,0.9500000000000001,10000,618.4048342705,1.1292061926999999
9,570,37.629182514,"[7, 3, 2, 1, 9, 9, 5, 0, 0, 6]",APS,pd,30,10,10,0.9500000000000001,10000,612.0269834995,1.129182514
9,585,37.6295153155,"[7, 3, 2, 1, 9, 9, 5, 0, 0, 6]",APS,pd,30,10,10,0.9500000000000001,10000,638.813179493,1.1295153155
9,600,37.6292551524,"[7, 3, 2, 1, 9, 9, 5, 0, 0, 6]",APS,pd,30,10,10,0.9500000000000001,10000,635.6669797897,1.1292551524
9,615,37.6289072812,"[7, 3, 2, 1, 9, 9, 5, 0, 0, 6]",APS,pd,30,10,10,0.9500000000000001,10000,659.387036562,1.1289072812
9,630,37.6296238246,"[7, 3, 2, 1, 9, 9, 5, 0, 0, 6]",APS,pd,30,10,10,0.9500000000000001,10000,686.3704984188,1.1296238245999999
9,645,37.6291934664,"[7, 3, 2, 1, 9, 9, 5, 0, 0, 6]",APS,pd,30,10,10,0.9500000000000001,10000,682.6050395966,1.1291934664
9,660,37.6294243826,"[7, 3, 2, 1, 9, 9, 5, 0, 0, 6]",APS,pd,30,10,10,0.9500000000000001,10000,715.1618852615,1.1294243825999999
9,675,37.629378235,"[7, 3, 2, 1, 9, 9, 5, 0, 0, 6]",APS,pd,30,10,10,0.9500000000000001,10000,715.06681633,1.129378235
9,690,37.6295588597,"[7, 3, 2, 1, 9, 9, 5, 0, 0, 6]",APS,pd,30,10,10,0.9500000000000001,10000,755.7643592358,1.1295588597
9,705,37.6295279759,"[7, 3, 2, 1, 9, 9, 5, 0, 0, 6]",APS,pd,30,10,10,0.9500000000000001,10000,744.0915052891,1.1295279759
9,720,37.629671492599996,"[7, 3, 2, 1, 9, 9, 5, 0, 0, 6]",APS,pd,30,10,10,0.9500000000000001,10000,767.0416505337,1.1296714926
9,735,37.6293866987,"[7, 3, 2, 1, 9, 9, 5, 0, 0, 6]",APS,pd,30,10,10,0.9500000000000001,10000,802.8815956116,1.1293866987
9,750,37.6299369552,"[7, 3, 2, 1, 9, 9, 5, 0, 0, 6]",APS,pd,30,10,10,0.9500000000000001,10000,795.2647707462,1.1299369552
9,765,37.6292738826,"[7, 3, 2, 1, 9, 9, 5, 0, 0, 6]",APS,pd,30,10,10,0.9500000000000001,10000,826.9656581879,1.1292738826
9,780,37.6289885683,"[7, 3, 2, 1, 9, 9, 5, 0, 0, 6]",APS,pd,30,10,10,0.9500000000000001,10000,819.4587953091,1.1289885683
9,795,37.6290242695,"[7, 3, 2, 1, 9, 9, 5, 0, 0, 6]",APS,pd,30,10,10,0.9500000000000001,10000,851.3872489929,1.1290242695
9,810,37.6289968996,"[7, 3, 2, 1, 9, 9, 5, 0, 0, 6]",APS,pd,30,10,10,0.9500000000000001,10000,851.4013416767,1.1289968996
9,825,37.6295514116,"[7, 3, 2, 1, 9, 9, 5, 0, 0, 6]",APS,pd,30,10,10,0.9500000000000001,10000,888.5566902161,1.1295514116
9,840,37.6291950757,"[7, 3, 2, 1, 9, 9, 5, 0, 0, 6]",APS,pd,30,10,10,0.9500000000000001,10000,895.2986199856,1.1291950757
9,855,37.6293444077,"[7, 3, 2, 1, 9, 9, 5, 0, 0, 6]",APS,pd,30,10,10,0.9500000000000001,10000,925.3514516354,1.1293444077
9,870,37.6293300967,"[7, 3, 2, 1, 9, 9, 5, 0, 0, 6]",APS,pd,30,10,10,0.9500000000000001,10000,907.1920099258,1.1293300967
9,885,37.6292906029,"[7, 3, 2, 1, 9, 9, 5, 0, 0, 6]",APS,pd,30,10,10,0.9500000000000001,10000,938.8536758423,1.1292906029
9,900,37.6293025315,"[7, 3, 2, 1, 9, 9, 5, 0, 0, 6]",APS,pd,30,10,10,0.9500000000000001,10000,939.0794615746,1.1293025315
9,915,37.628736313,"[7, 3, 2, 1, 9, 9, 5, 0, 0, 6]",APS,pd,30,10,10,0.9500000000000001,10000,975.3321349621,1.128736313
9,930,37.629113921,"[7, 3, 2, 1, 9, 9, 5, 0, 0, 6]",APS,pd,30,10,10,0.9500000000000001,10000,999.9510655403,1.129113921
9,945,37.6292473667,"[7, 3, 2, 1, 9, 9, 5, 0, 0, 6]",APS,pd,30,10,10,0.9500000000000001,10000,995.3300147057,1.1292473667
9,960,37.6292222099,"[7, 3, 2, 1, 9, 9, 5, 0, 0, 6]",APS,pd,30,10,10,0.9500000000000001,10000,996.5455131531,1.1292222099
9,975,37.6296492545,"[7, 3, 2, 1, 9, 9, 5, 0, 0, 6]",APS,pd,30,10,10,0.9500000000000001,10000,1044.9695510864,1.1296492545
9,990,37.6294863489,"[7, 3, 2, 1, 9, 9, 5, 0, 0, 6]",APS,pd,30,10,10,0.9500000000000001,10000,1039.2285206318,1.1294863489
9,1005,37.6289128489,"[7, 3, 2, 1, 9, 9, 5, 0, 0, 6]",APS,pd,30,10,10,0.9500000000000001,10000,1073.7906868458,1.1289128489
9,1020,37.6291919855,"[7, 3, 2, 1, 9, 9, 5, 0, 0, 6]",APS,pd,30,10,10,0.9500000000000001,10000,1058.463811636,1.1291919854999999
9,1035,37.6291060788,"[7, 3, 2, 1, 9, 9, 5, 0, 0, 6]",APS,pd,30,10,10,0.9500000000000001,10000,1098.5052542686,1.1291060788
9,1050,37.6293640302,"[7, 3, 2, 1, 9, 9, 5, 0, 0, 6]",APS,pd,30,10,10,0.9500000000000001,10000,1091.4985439777,1.1293640302
9,1065,37.6297302421,"[7, 3, 2, 1, 9, 9, 5, 0, 0, 6]",APS,pd,30,10,10,0.9500000000000001,10000,1130.5640032291,1.1297302421
9,1080,37.6292818853,"[7, 3, 2, 1, 9, 9, 5, 0, 0, 6]",APS,pd,30,10,10,0.9500000000000001,10000,1122.7307460308,1.1292818853
9,1095,37.6294993135,"[7, 3, 2, 1, 9, 9, 5, 0, 0, 6]",APS,pd,30,10,10,0.9500000000000001,10000,1157.7083847523,1.1294993135
9,1110,37.6293822467,"[7, 3, 2, 1, 9, 9, 5, 0, 0, 6]",APS,pd,30,10,10,0.9500000000000001,10000,1149.914907217,1.1293822467
9,1125,37.6292464371,"[7, 3, 2, 1, 9, 9, 5, 0, 0, 6]",APS,pd,30,10,10,0.9500000000000001,10000,1193.940664053,1.1292464371
9,1140,37.6294254566,"[7, 3, 2, 1, 9, 9, 5, 0, 0, 6]",APS,pd,30,10,10,0.9500000000000001,10000,1189.8164796829,1.1294254566
9,1155,37.6292284446,"[7, 3, 2, 1, 9, 9, 5, 0, 0, 6]",APS,pd,30,10,10,0.9500000000000001,10000,1215.307393074,1.1292284446
9,1170,37.6290683529,"[7, 3, 2, 1, 9, 9, 5, 0, 0, 6]",APS,pd,30,10,10,0.9500000000000001,10000,1239.8624782562,1.1290683529
9,1185,37.6293361889,"[7, 3, 2, 1, 9, 9, 5, 0, 0, 6]",APS,pd,30,10,10,0.9500000000000001,10000,1221.6643271446,1.1293361889
9,1200,37.6297796703,"[7, 3, 2, 1, 9, 9, 5, 0, 0, 6]",APS,pd,30,10,10,0.9500000000000001,10000,1261.7686018944,1.1297796703
